RPM,MAP,FGP,MAF
779.5,102,27090,5.58
781.5,102,25050,5.25
781.75,102,24140,5.31
780.75,102,24260,5.35
781,102,26850,5.43
781.5,102,24820,5.55
781.25,102,25750,5.41
783.25,102,26360,5.35
783,102,23800,5.5
782.25,102,24360,5.2
782.25,102,25730,5.53
781.25,102,25020,5.47
781.75,102,25050,5.52
781.5,102,25510,5.45
782.25,102,26920,5.28
779,102,24320,5.32
782.5,102,26120,5.45
782,102,24600,5.42
780.5,102,25960,5.1
782,102,23850,5.51
778.25,102,24320,5.27
783,102,26120,5.23
779.75,102,25120,5.17
781.75,102,23680,5.31
781.25,102,26880,5.29
781.25,102,25330,5.61
782.25,102,25120,5.42
781.5,102,26070,5.46
781,102,23690,5.37
781,102,27030,5.17
781.5,102,25930,5.42
781.75,102,24600,5.36
781.25,102,25870,5.18
781.5,102,27030,5.42
779,102,24380,5.56
781.25,102,24990,5.31
781.25,102,24800,5.17
781.5,102,25820,5.3
781.75,102,27040,5.42
781.5,102,24440,5.37
781.25,102,24930,5.36
781.5,102,24570,5.33
782.5,102,26000,5.45
779.5,102,23770,5.13
782,102,24360,5.3
781.5,102,25070,5.22
782.5,102,24930,5.33
780.75,102,23740,5.27
778.75,102,27150,5.43
782.25,102,24480,5.4
780.75,102,25090,5.34
781.75,102,24750,5.32
781,102,25930,5.29
781.25,102,25900,5.25
782,102,23800,5.09
781.5,102,27030,5.44
782,102,24100,5.31
779,102,24760,5.51
781.75,102,25780,5.24
782.5,102,23770,5.43
781,102,26780,5.37
780.5,102,24110,5.41
780.5,102,25820,5.25
780.25,102,24580,5.46
782,102,25820,5.25
780.5,102,26970,5.56
779.75,102,24380,5.3
781.25,102,25440,5.04
782,102,24760,5.41
781.75,102,25900,5.3
780.75,102,27090,5.62
778,102,24510,5.45
781.75,102,25290,4.82
781,102,26400,5.47
781.5,102,23950,5.18
781,102,24410,5.39
779.75,102,24530,5.05
781,102,24010,5.13
781,102,26660,5.39
782.25,102,26390,4.95
780.75,102,27000,5.39
781.75,102,26980,5.39
780.75,102,25130,5.47
781.5,102,24190,5.43
782,102,26430,5.27
779.5,102,24140,5.22
780.25,102,24800,5.24
781.25,102,26240,5.51
780.75,102,23860,5.04
780.75,102,24380,5.33
781,102,25560,5.43
781.25,102,25140,5.35
782,102,26640,5.62
781.75,102,24070,5.15
779.75,102,24620,5.35
781.25,102,25790,5.47
782.5,102,23750,5.46
780.5,102,24240,5.4
782.25,102,26340,5.17
778.5,102,24930,5.38
781.25,102,25820,5.32
782.5,102,23870,5.25
781.75,102,26670,5.45
779,102,26240,5.27
782,102,24630,5.41
782.5,102,25510,5.07
781.5,102,25360,5.35
781.5,102,24900,5.2
780.25,102,26610,5.35
781.75,102,23770,5.54
782,102,26660,5.25
782,102,26730,5.19
781.5,102,24740,5.32
782.5,102,23860,5.37
782.5,102,26480,5.22
782.25,102,26700,5.17
782,102,24160,5.2
780,102,26050,5.05
782.25,102,24340,5.47
781.5,102,26270,5.2
782,102,24690,5.23
781.75,102,24650,4.74
780,102,25560,5.44
780.75,102,24340,5.37
781.25,102,26430,5.44
781,102,24100,5.39
782,102,25950,5.55
779.75,102,23800,5.15
782,102,26610,5.39
780.25,102,24040,5.43
781,102,24760,5.24
779.25,102,24110,5.33
780.75,102,23990,5.4
782.25,102,24560,5.48
781.25,102,25870,5.29
781.25,102,23710,5.45
779.75,102,26920,5.26
781.5,102,25700,5.22
781.25,102,24750,5.3
781.5,102,25680,5.17
781.5,102,23730,5.15
779.75,102,26820,5.52
780.5,102,25870,5.38
780.5,102,24730,5.45
780.75,102,25580,5.14
779.25,102,23710,5.41
781,102,27390,5.41
781,102,25680,5.14
782,102,24870,5.12
781.5,102,24480,5.44
777.5,102,27460,5.3
781.5,102,24750,5.02
782.25,102,24420,5.23
782,102,24680,5.48
782,102,24410,5.32
779,102,25540,5.43
782.5,102,24830,5.47
779.5,102,24410,5.2
835.5,101,56670,18.07
1816.25,108,31730,22.68
1207,112,33810,8.82
1606.25,108,39150,12.12
1907.75,112,44640,20.61
2098.5,121,47550,22.04
1914,119,42320,15.19
1798.75,114,35330,12.35
1623.25,110,34170,10.71
1482.75,107,32950,9.94
1420.5,107,37010,10.14
1724.5,108,40770,16.87
1928,115,42380,18.44
1986.75,117,43290,18.58
2038.5,119,44310,18.3
2101.75,120,47310,20.53
2157.25,122,48970,21
2266.25,125,56850,24.28
2458.25,132,68760,33.01
2584,135,57200,30.65
2589.75,136,57810,30.12
2500.75,133,55500,25.92
2413,131,53500,23.65
2310.25,129,49680,21.25
2217.75,126,45920,19.98
2151,122,44400,18.92
2009,119,39540,15.33
1890.5,115,38390,13.58
1847,112,38020,13.46
1726.5,111,35300,11.93
1553,109,33390,9.42
1380,107,32660,9.48
1268.75,106,31930,9.55
1094.5,106,28270,6.57
805.25,104,28290,6.24
878,103,27640,5.94
909,103,28220,6.18
1008.5,103,28530,6.77
1063.25,103,29820,7.37
1255,103,37010,9.37
1389.75,103,29000,15.05
1219.75,106,33440,8.68
1353,105,35690,9.27
1393,105,33720,9.48
1402,105,34570,9.67
1484.75,106,36080,10.19
1514,106,36180,11.01
1573.25,108,38230,12.55
1626,109,37960,13.98
1677.75,111,38110,14.1
1773.75,112,40620,15.95
1860.75,115,42600,17.56
1935.75,117,42670,17.57
1978.25,118,45010,17.59
2009,118,44130,18.12
2031.25,119,45280,17.88
2040.5,119,44790,17.83
2044,119,45210,17.82
2045.25,119,45710,17.91
2049.75,118,45020,18.11
2039.25,118,43430,18.01
1999.5,118,40930,16.56
1896.5,114,40520,15.16
1877.5,114,40240,15.02
1833.75,113,38420,14.65
1763.75,112,38480,12.76
1723.5,111,37400,13.01
1644.75,110,36550,11.75
1579.75,109,36040,10.65
1515,108,35960,10.07
1480.75,107,35970,10.33
1447.75,107,36140,10.6
1435,108,34940,11.04
1427.75,108,34890,11.19
1421.75,108,34940,10.7
1435.25,108,35570,10.88
1399,107,33560,10.96
1223.5,108,32860,9.47
992.25,106,27260,6.31
802.25,104,29970,7.44
1199.75,104,38480,8.89
1509.25,105,37260,9.82
1552.5,106,37830,11.36
1627.25,108,40640,13.58
1741.5,110,41670,15.38
1834,113,44150,17.48
1942.25,116,46260,19.24
2024.25,119,49500,19.3
2090.75,121,49740,19.95
2127.75,122,50530,20.1
2152,122,52780,20.13
2231.25,124,54590,21.48
2282.5,126,54960,22.87
2301,127,55490,21.87
2309.75,128,54980,22.42
2295.75,128,53170,21.85
2256.5,126,50900,20.54
2194,124,48660,19.22
2165.75,122,52650,19.12
2271.75,124,60530,23.78
2442.25,131,67320,33.2
2579.5,135,63560,29.29
2588.25,136,62980,30.23
2582.25,135,62100,29.86
2582,136,62520,29.82
2541.5,135,65160,27.65
2495,134,60250,25.81
2470.5,132,61130,24.74
2442.5,132,58890,24.64
2412,131,57560,24.75
2374.5,131,55990,23.15
2338.5,130,55350,21.9
2314,129,54070,21.62
2275,127,52420,21.12
2241.75,125,50950,19.98
2196,123,47360,18.32
2060.5,120,44560,16.19
1985,117,42230,14.88
1951.5,115,43120,15.07
1884.5,114,40430,14.28
1812.75,112,40920,13.08
1745,111,38230,11.83
1650.25,110,37790,10.96
1580.25,109,36860,10.29
1467,107,35640,9.74
1332.75,107,34890,10.56
1244.75,107,34300,9.36
1144.75,106,32340,7.7
959.5,105,28830,6.31
869.5,104,30320,5.33
777,103,30580,5.55
769.75,102,30980,5.46
773.75,102,29440,5.37
775,102,28860,5.21
842,102,30540,6.08
938,102,30610,6.17
1165.5,102,37680,8.26
1520.5,103,38500,9.85
1590.25,106,38260,11.72
1648.25,108,40520,13.33
1701.75,110,39890,14.21
1759.75,112,41080,15.23
1803.5,113,41450,15.3
1837.25,114,41960,15.74
1885.5,115,43620,16.56
1922.75,116,44170,16.66
1945,116,44200,16.4
1966.75,117,44950,17
1997.25,117,45370,16.92
2015.75,118,46290,17.29
2025.25,118,46780,17.32
2038.5,118,45490,17.77
2003.25,118,44240,16.35
1919,116,40730,14.48
1721,113,37430,11.54
1501.5,109,35490,9.12
1302.25,106,34520,8.16
1025.75,105,29470,5.99
837.75,104,31420,5.8
737,103,34490,9.27
1036,103,30850,6.51
1287.75,103,41330,9.3
1580.25,104,39640,11.53
1667.5,107,40620,13.6
1751.75,110,41650,14.97
1818.25,113,42160,16.13
1856.25,114,42170,15.99
1886.25,115,43210,16.29
1901.25,116,41800,15.82
1856.5,115,42500,15
1894.25,115,43930,15.94
1927.25,115,44770,16.72
1954.25,116,45870,17.05
1968.25,117,45750,16.29
2015.5,117,48160,18
2058.5,119,48120,18.08
2028.75,119,45200,16.51
1910,117,41720,14.27
1703,113,37520,10.05
1429,108,33200,8.99
1206.5,106,34030,7.27
982.25,105,31640,5.93
898.25,104,32340,6
992.5,103,30730,6.71
1251.5,103,41350,8.99
1509.75,104,39980,9.53
1607.25,106,41550,12.56
1731.5,108,42840,14.85
1824.75,112,44530,16.75
1888.5,115,45720,17.1
1946.5,117,46590,17.92
2003.75,118,47610,18.57
2059.5,119,50010,18.75
2118.5,120,52710,20.19
2182.75,122,55630,21.42
2256.5,125,57090,21.79
2302,127,57760,22.13
2337,128,58830,22.9
2367.25,131,61820,23.67
2521.5,135,69160,31.45
2583.5,137,63500,29.1
2579.25,136,64450,29.23
2578.5,136,64550,30.12
2533.75,135,60570,27.41
2441.5,133,58250,23.64
2373.75,131,55850,22.42
2253.75,128,49120,19.02
2001.25,123,44730,15.25
1855,116,43280,13.23
1776.75,113,42410,12.33
1721.5,111,41690,11.7
1652.5,110,41130,11.19
1548.5,109,39370,9.99
1408.5,107,38110,9.9
1227.75,107,35390,9.15
844.75,106,31280,6.13
847,104,30580,5.94
992.25,102,37380,7.89
1502.5,104,41690,10.27
1647.75,107,40800,12.52
1724.25,109,42300,14.08
1782,112,42570,15.48
1817.25,113,42720,15.47
1839.25,114,44250,15.66
1855.5,115,43380,15.8
1894.25,115,46230,16.07
1982,116,48030,17.88
2041.25,118,49380,18.19
2039,119,47190,16.9
1853.25,118,40500,14.3
1635,113,38760,9.52
1483.75,108,35300,9.3
1301.25,106,37450,8.17
1078.5,105,32040,6.43
879,104,32460,5.96
856,103,33320,5.89
809,103,32340,4.87
774.25,102,29660,5.18
769,102,32640,5.11
771,102,32420,5.21
774.25,102,30880,5.32
836,102,33170,5.65
883.25,102,30980,5.43
881,102,31340,5.76
888.75,102,30630,5.72
887,102,31810,5.76
892.75,102,32250,5.74
896.25,102,31300,5.72
1161.75,102,42670,8.09
1553,104,41960,10.56
1646.5,106,41250,13.45
1712.25,109,41350,14.37
1768.75,112,42330,15.23
1808.25,113,43450,15.38
1827.5,114,43890,15.04
1843.75,114,44040,15.66
1915.25,115,47130,17.09
1979.5,117,47660,17.63
2026.25,118,48590,17.66
2020.5,119,45680,17.15
1794.5,117,41110,13.24
1619.5,111,42500,10.7
1784.5,111,44030,15.58
1884.75,113,46140,16.87
1958.25,116,47200,17.61
2010,118,48350,17.78
2043.75,119,50510,17.67
2102.75,120,52640,19.6
2153.25,121,56430,20.46
2235.75,124,56930,20.83
2245.5,125,51940,20.08
1961,124,41440,16.42
1684,114,37650,11.09
1348.25,109,33660,8.05
968.5,107,33720,5.82
804.25,104,34230,5.56
772.75,103,32870,5.38
767.25,102,33810,5.09
770.75,102,31320,5.28
773.75,102,34050,4.97
778,102,32260,5.32
776.25,102,31100,5.05
782.25,102,32030,5.1
780,102,30950,5.01
778.25,102,30910,5.04
780,102,33110,5.12
784.75,102,30580,5.15
781.75,102,30570,5.16
780.75,102,31270,4.91
778.75,102,32740,5.24
781.25,102,33920,5.26
782,102,31820,5.18
780.75,102,30760,5.35
780.5,102,30950,5.1
781,102,32280,5.05
779.25,102,30390,5.17
817.5,102,34140,5.79
950.25,102,32700,5.82
944.5,102,32900,5.7
946.75,102,33030,5.98
953.75,102,30810,6.07
966.75,102,32710,6.35
976,102,32590,6.11
977,102,32200,6.39
982,103,30850,6.4
1005,103,32140,6.69
985.75,103,33930,6.51
951.75,103,30930,6.41
933.25,103,31100,6.43
1077.75,103,36070,7.99
1515.5,104,41920,10
1647.5,106,43460,12.61
1793.75,109,45170,16.76
1893.75,114,47710,17.76
1963.25,117,50600,17.85
2052,119,52610,19.83
2115.25,121,53470,19.86
2179.5,122,56230,21.49
2246.5,125,57400,21.64
2279.25,126,58290,21.1
2318,127,59010,22.33
2337.75,129,60210,22.42
2377.75,131,62320,24.16
2467,134,65640,28.85
2593.25,138,62590,30.51
2580.75,136,66160,28.48
2578.5,136,66460,29.1
2577.75,136,66170,28.67
2514.25,135,59420,25.11
2286.5,131,50040,21.2
2021.75,124,46230,14.23
1888,116,45460,13.3
1812,113,44580,12.44
1760,111,43690,12.44
1723.25,111,43630,12.5
1674.5,110,42380,11.41
1578.5,109,41110,10.57
1476.5,108,40370,10.06
1377.5,107,39600,10.11
1342.5,107,38750,10.03
1343.75,107,38620,9.67
1340.5,107,38760,9.62
1339.75,107,38450,9.45
1184,106,32800,7.11
820.5,105,32130,5.72
725.25,104,33200,5.87
773.75,103,33390,5.17
762.5,102,31520,5.31
775,102,31880,5.02
775.5,102,32950,4.92
775.25,102,31760,5.25
775.75,102,33930,5.2
782.75,102,34170,4.97
827.25,102,33860,6.08
933.75,102,33840,5.87
1071,102,35940,6.67
1364.75,102,41430,8.95
1518,104,42420,10.05
1598.75,106,41840,11.26
1657.25,108,42260,12.89
1697.75,110,41990,13.83
1726.5,111,42430,13.93
1752.25,112,43460,14.37
1775.5,113,43240,15.13
1787.75,113,43360,14.73
1803.75,113,43970,14.91
1839,113,45460,15.1
1887.75,114,46620,16.53
1930.5,116,47640,16.47
1954.75,116,47030,16.58
1965.5,117,47510,16.88
1979.75,117,47660,16.38
1984,117,47450,16.67
1989.75,117,48240,16.23
1996.25,117,47360,16.75
1996.25,117,48120,16.7
1997.5,117,47670,16.65
1999,117,47970,16.44
1999,117,47940,16.86
1999.25,117,48010,16.38
1998.75,117,47750,16.15
2002.5,117,47660,16.73
1840.75,115,41860,14.43
1669.5,112,43060,10.76
1594,110,41750,10.05
1487,108,40370,9.77
1368,107,38960,9.95
1205.25,107,35490,9.14
1024,106,31980,6.66
903,105,32370,6.28
765.75,104,35760,5.41
772,103,34250,5.4
772,102,33270,5.28
766.25,102,34470,5.25
777.75,102,31790,5.32
777.25,102,32660,4.97
772.75,102,33980,5.22
781.75,102,33290,4.97
781,102,35300,5.08
782.25,102,34000,5.09
779.5,102,34270,5.05
780.5,102,33420,5.27
773.25,102,32560,5
780.25,102,31980,5.08
782.5,102,32520,4.85
781,102,31930,5.27
780.5,102,34420,4.96
781,102,33930,5.18
780.25,102,35580,4.72
782,102,34370,5.1
781,102,34780,5.05
779.5,102,32890,5.05
782,102,32460,5.2
822,102,36180,5.8
913.5,102,35300,5.72
1000.25,102,32150,6.3
1141,102,39640,7.95
1504.75,103,42510,10.12
1637.75,106,42880,12.07
1708.5,108,44490,13.67
1773.25,111,44130,15.55
1814,113,45130,15.59
1848.25,114,45920,15.58
1869.75,115,45070,15.63
1899.75,115,46200,16.02
1949.5,116,47780,16.97
1984.25,117,48940,17.45
2008.25,117,49890,17.5
2028.25,118,50080,17.15
2037.5,118,49840,17.2
2042.25,118,50150,17.02
2049.75,118,50140,17.42
2055.5,118,50240,17.68
2060.5,118,49980,17.19
2062.75,118,50510,17.6
2062.25,118,50780,17.6
2065.5,118,50650,17.54
2061.5,118,50540,17.16
2067.25,118,50930,17.42
2066.5,118,50230,17.74
2069.25,118,50200,17.29
2067.5,118,50600,17.53
2071.25,118,51030,17.05
2077.5,118,50810,17.16
2080.75,119,51330,17.65
2081.75,119,50990,17.61
2080,119,51640,17.14
2078,119,51260,17.96
2100.25,119,59520,18.73
2210,120,59690,21.69
2271.75,124,60580,21.28
2324.5,126,61310,22.82
2360.5,129,63180,23.43
2402.75,132,64700,24.57
2465,134,67440,29.2
2597,137,64360,29.5
2580.5,137,68020,29.01
2584.5,137,64630,29.22
2594.25,137,67170,29.5
2584.75,137,68290,28.98
2581.5,136,68160,28.75
2593,137,64400,29.85
2578.75,137,68430,27.59
2550.75,135,66350,28.96
2510.75,135,63930,28.27
2486.25,133,62550,26.67
2461,133,61550,26.12
2423,133,59910,24.9
2365.5,132,58570,23.94
2312,131,56980,22.03
2289.75,129,56830,22.14
2257.5,128,53440,20.47
2180.75,126,51580,19.6
2133.75,123,50270,18.88
2038,121,45870,16.33
1925.25,117,44270,15.07
1913.75,115,45720,15.44
1888.25,115,44060,15.02
1783.75,114,42470,12.47
1679.5,111,41550,10.2
1610.25,109,40980,9.27
1516.75,107,38790,8.69
1331.75,106,36790,8.09
1133.5,105,35060,6.46
904,104,34570,6.8
1130.25,104,38480,7.62
1425,104,41190,9.19
1413,104,40770,9.17
1368.5,105,40360,9.25
1268.5,105,36810,12.54
772.25,105,34420,5.29
769.5,104,36160,5.35
777.75,103,35970,4.98
774,102,36610,5.14
769.75,102,36960,5.07
775,102,37420,4.95
781.25,102,35080,4.81
780.5,102,33840,5.19
778.75,102,32950,5.24
777,102,34540,5.17
782,102,35820,5.07
779.25,102,34760,5.23
780.5,102,33640,4.82
781.75,102,33160,5.09
781.5,102,33370,5.13
781.75,102,33320,4.94
776,102,34910,5.01
777.5,102,35860,5.25
783.25,102,34060,5.14
781.25,102,35830,5.1
781.75,102,33810,5.17
781.25,102,32930,5.02
782.25,102,34210,5.2
780,102,33070,4.76
783.25,102,36040,4.62
780,102,35910,5.09
779.75,102,35370,5.13
776.25,102,35740,5.07
777,102,34520,4.95
783,102,33350,5.13
780.25,102,34170,5.09
780.75,102,32860,5.01
782,102,34230,5.08
781,102,35770,5.12
780.5,102,34090,4.69
782.25,102,35100,4.72
779.75,102,33910,4.99
779.5,102,33250,5.15
778.75,102,35010,4.92
778.5,102,32800,5.2
782.5,102,33560,5.1
781,102,33620,5.06
780,102,36440,4.95
779,102,36000,5.15
780.75,102,34780,5.19
781.5,102,33230,4.95
780.25,102,33470,5.07
782.5,102,35830,5.18
781,102,35030,5.13
776.75,102,33860,5.1
779,102,32980,5.01
782.25,102,35550,5.04
781,102,36250,4.98
781.5,102,34160,5.04
781.75,102,32680,5.25
779.75,102,35690,5.17
778.5,102,34450,5.13
780.5,102,36430,5.19
781.5,102,32980,5.16
782,102,34780,4.95
854,101,36490,6.17
1083.75,102,38540,6.57
1361.25,102,44890,8.83
1505.75,103,43080,9.52
1572,105,42600,11.3
1627,107,45210,12.7
1697,109,45950,14.05
1766.5,111,46230,15.38
1807.25,113,46530,15.65
1833.5,114,47450,15.56
1859,115,46800,15.56
1878.5,115,47390,15.48
1890.25,115,47880,15.68
1895.75,115,47530,15.54
1899.75,115,47670,15.11
1914.5,115,49220,15.67
1937.25,115,49220,16.89
1948,116,47880,17.22
1952.5,117,48510,16.82
1952.5,117,47860,17.05
1959.75,117,48580,17.65
1973.25,117,49000,17.11
1981.25,118,48750,17.67
1988.75,118,49220,17.57
1992.25,118,48940,17.48
2000.75,118,49720,17.58
2009.75,119,49730,17.79
2011.5,119,49400,17.83
2018.5,119,49720,17.51
2022.5,119,49600,17.86
2020.75,119,50440,18.06
2022.75,119,49710,17.65
2025.5,119,49610,17.84
2029,119,49900,17.98
2026.75,119,49650,17.74
2029,119,49890,18.38
2017.5,120,48860,18.9
2020.25,121,49740,18.49
2053.75,121,52670,20.19
2127,123,57070,21.37
2186.5,126,57670,22.11
2233,128,58070,23.02
2258.5,130,58620,22.87
2283.25,130,59140,23.85
2295.75,132,59910,23.67
2309.75,132,60130,25.57
2321,133,60880,24.78
2344.75,134,63290,28.03
2461.25,138,64450,31.75
2590.75,139,61710,33.78
2583.75,138,64520,34.48
2584.5,137,63990,34.84
2575.25,137,63680,34.52
2559.75,137,63380,33.05
2553.25,136,61710,33.01
2536.5,136,62100,33.72
2521.75,135,61400,33.07
2499.75,135,59420,32.13
2461,134,59150,30.36
2435,133,57910,30.56
2419,133,56820,29.18
2383.75,133,55610,28.16
2305.25,133,53370,24.77
2215.25,132,51260,22.96
2163,130,50020,22.15
2131.25,129,49460,22.35
2108.5,128,49220,21.96
2087.25,127,47600,21.77
2060.5,126,47480,20.89
2055,125,46800,21.73
2025.25,125,46040,20.14
2010,123,45750,20.59
1981.25,123,43240,18.9
1909,121,42260,18.14
1884.75,120,43430,18.1
1879,119,42650,18.69
1842.25,119,42500,17.17
1839.5,118,42230,17.74
1837,118,42360,18.18
1818.75,118,40450,17.69
1779.5,117,41190,16.85
1777,117,40920,16.78
1770.5,117,41060,17.18
1761.75,117,40460,16.6
1731.25,116,40190,15.97
1720.25,116,40160,16.1
1672.5,115,38890,14.68
1588.5,113,38280,13
1505.25,111,37740,11.96
1439,110,37380,13.35
1376.75,111,36980,12.99
1341.25,110,36950,11.52
1287.75,110,36050,11.53
1253,109,35710,10.66
1239,108,35550,10.42
1204,108,34330,9.56
1078,107,33740,8.01
749.25,105,33200,6.49
765.5,104,32200,6.03
770,103,31760,6.21
774,103,32100,6.12
775.5,103,32620,6.05
771.5,103,32100,6.29
778.5,103,32620,6.37
781.75,103,32830,6.4
779.5,103,31220,6.15
780,103,30220,6.32
780.25,103,31030,6.19
779,103,33840,5.95
782,103,32710,6.02
780.5,102,32780,6.06
781,102,31440,6.09
781.75,102,30660,5.86
779.25,102,33030,5.97
781,102,33980,5.92
779.75,102,32340,5.9
780.75,102,31100,5.89
779.25,102,30610,5.78
865.75,102,32500,7.17
942.75,103,31180,7.3
1026.5,103,32620,7.99
1189.25,104,41890,11.08
1482.25,106,42380,12.28
1545.5,108,41040,15.48
1568.75,111,40740,16.31
1605.25,113,40060,15.83
1654.75,114,41650,16.75
1734.75,116,43060,17.96
1796.5,118,44430,19.41
1855.25,120,45360,19.34
1890.25,121,46040,19.59
1922.5,121,46660,19.69
1946.75,122,45950,19.8
1968,123,46820,20
1977.25,123,46820,20.05
1977.75,124,45620,21.29
1978.75,125,46410,20.65
1977.5,125,45830,21.48
1978.25,125,45590,20.42
1980.75,125,46080,21.29
1984.75,125,45920,20.92
1981,125,45940,20.63
1988.25,125,46070,21.2
1984.5,125,45840,21.24
1981.75,126,46690,20.79
1983,125,45830,20.71
1982.25,125,45950,20.59
1981.5,125,46170,20.97
2000.5,126,49290,21.25
2051.25,126,50390,23.63
2072.5,129,51020,23.62
2088.5,130,50440,24.61
2092.5,132,52170,23.91
2124.75,133,53810,26.82
2151.5,135,54050,26.3
2176.75,136,54380,26.55
2205.5,136,54660,27.64
2250.75,136,55990,27.77
2315.5,134,57070,30.18
2366.75,134,57870,30.78
2473.25,136,62230,36.28
2593.25,140,58470,38.72
2579.75,141,61060,39.65
2576,141,58420,40.49
2518.25,140,57000,36.66
2478.5,136,55930,34.67
2436.5,134,52510,34.46
2366.75,134,47140,31.78
2206.75,132,44580,26.06
2094,132,43670,24.11
2012.5,131,42180,22.66
1947.25,130,40430,22.16
1897,127,39550,21.56
1849.5,126,39890,19.59
1818.25,123,39030,19.22
1754.75,122,37280,18
1666.5,119,36520,16.58
1577,117,35790,15.85
1509.75,115,35440,14.67
1441.5,113,35080,15.23
1385,113,34330,13.55
1326.75,112,33860,13.55
1263.75,111,32960,12.6
1174.5,110,30910,10.07
1003.25,109,28860,8.35
831,106,27090,6.75
739.25,105,29440,7.23
769,104,27980,6.6
771.75,104,30390,6.52
772.5,103,28000,6.6
777.25,103,31050,6.88
778.75,103,30770,6.71
776.75,103,27880,6.71
778.25,103,30180,6.89
779,103,27640,6.68
780.5,103,28980,6.63
779.5,103,30300,6.59
777.75,103,28140,6.68
779.75,103,30420,6.57
779.75,103,29000,6.77
780.75,103,29850,6.82
779.75,103,27660,6.66
780.25,103,30390,6.72
780.5,103,28360,6.7
780.75,103,31000,6.93
847.75,103,34470,10.56
1053.75,104,32070,9.56
1196.25,105,36710,12.54
1499.75,108,38520,14.1
1563.25,110,38150,16.2
1595,113,38910,16.36
1643.5,115,39360,17.39
1697.5,116,40720,18.26
1772.75,118,41670,20.5
1827.5,122,42630,21.08
1872.25,124,42360,21.76
1902,126,42530,21.63
1929,127,43170,22.19
1942.25,127,43490,22.55
1956.25,128,42990,22.57
1968.75,128,44430,22.4
1982.25,128,44020,22.64
1991.75,129,44390,22.43
1991.25,129,44270,23.22
1999,130,44800,24.04
2019.5,131,44870,24.59
2022,132,43060,24.76
1984.25,132,41820,22.77
1955,130,41190,22.56
1936.75,129,40670,22.6
1815.5,127,35760,18.97
1593.5,121,33010,14.97
1299,115,28070,15.99
907.75,113,25600,7.92
793.25,108,26170,7.7
767.5,106,26640,6.35
766.75,105,29440,6.76
770,104,28000,6.75
772,104,26850,7.03
773.25,103,29000,6.95
775,103,27390,6.99
771.5,103,28830,7.17
778,103,26820,6.98
779.75,103,28020,6.88
781.25,103,29390,6.87
781,103,29790,7.01
775.5,103,27250,7.04
780,103,28310,7.15
781,103,28170,7.17
781.5,103,27000,7.22
782.75,103,29660,6.99
781,103,27660,7.05
781.75,103,27620,7.19
780.75,103,29410,7.21
780.75,103,26570,7.07
782,103,28510,6.98
779.75,103,27250,7.06
780.75,103,29900,7
780.5,103,27340,6.81
781,103,27670,7.16
781,103,29140,7.18
779.25,103,26760,6.94
780.75,103,28920,6.95
782.5,103,28310,7.07
781.5,103,27460,7.03
782.5,103,29510,6.96
781.5,103,26760,6.97
782,103,27590,6.94
781.75,103,26850,7.03
779.75,103,29080,7.08
781.25,103,28470,7.03
781.25,103,27390,7.08
782,103,29470,7.18
781.25,103,26730,6.97
779.25,103,27920,7.08
780.5,103,29810,7.32
781.5,103,27070,7.12
781.75,103,28020,7
781.25,103,30150,6.99
780.25,103,28880,6.97
780.25,103,28590,6.97
781.5,103,27530,7.11
778.25,103,29380,6.96
780.25,103,26640,6.86
781.25,103,28800,7
779.5,103,28490,7.26
778.75,103,27510,6.97
776.75,103,29120,7.45
783,103,26850,6.91
781,103,29170,6.93
781,103,28490,7.21
781.25,103,27460,7.1
781,103,29530,6.98
779.75,103,26680,7.08
780.75,103,28290,7.28
777,103,27270,7.1
781.25,103,29960,7.14
780,103,27340,7.02
781.75,103,28660,6.7
782.25,103,30280,6.85
779,103,27700,6.86
781.75,103,29510,6.72
782,103,30130,6.62
781.5,103,28190,6.57
781.75,103,30330,6.87
781,103,27950,6.71
782,103,30240,6.7
782,103,27760,6.59
779.75,103,30180,6.84
781.25,103,29570,6.79
784.5,103,29410,6.49
782.5,103,31260,6.27
780.5,103,29020,6.55
780.25,103,29660,6.38
780.75,103,32040,6.56
780.75,103,28680,6.69
780.5,103,30630,6.47
782.25,103,30270,6.6
781.75,103,29120,6.35
780.5,103,31610,6.52
780,103,29390,6.53
784,103,30580,6.16
782.75,103,29760,6.1
780.25,103,31240,6.29
782.25,103,31300,6.06
782.5,103,29850,6.21
782.25,103,32320,6.32
780.75,103,30710,6.23
779.25,103,30570,6.35
780.5,103,32310,6.1
780.5,103,31490,6.28
781,103,31060,6.12
779.25,103,30300,6.35
782.25,103,32420,5.95
782,103,30850,5.98
782,103,30390,6.2
782,103,33370,5.92
782.25,102,30760,6.06
780.75,102,31650,5.99
779.75,102,33770,5.97
781,102,30510,5.93
778.5,102,32760,5.96
782.25,102,31270,5.93
780.5,102,33320,5.86
779.75,102,30810,6
780.75,102,32340,5.87
777.75,102,33270,5.94
784.25,102,31030,5.86
779.5,102,32950,5.87
780.5,102,30690,5.72
781,102,31480,5.95
780.75,102,33880,5.93
782.5,102,32540,5.85
780.5,102,32720,6.01
778.5,102,31270,5.91
786.5,102,34030,5.59
782.5,102,32280,5.89
779.25,102,34280,5.67
779.25,102,31550,5.75
779,102,33980,5.41
778.5,102,32590,5.57
781.5,102,32550,5.66
783.75,102,34330,5.7
780.5,102,31460,5.55
778.5,102,33540,5.63
779.75,102,33700,5.65
777.25,102,32440,5.66
777.5,102,34140,5.71
781.75,102,31520,5.71
782.75,102,33690,5.71
782,102,34000,5.54
780.25,102,31930,5.7
779.5,102,34160,5.67
780.25,102,32980,5.6
779.5,102,33290,5.68
783,102,31850,5.51
782,102,34050,5.7
781.75,102,34920,5.52
783.5,102,32780,5.52
781,102,34940,5.39
782.5,102,32980,5.31
782.75,102,33500,5.08
783.5,102,35740,5.35
783.5,102,32720,5.36
781,102,34000,5.17
779.75,102,34350,5.46
780.5,102,33250,5.12
778.25,102,32440,5.29
780.75,102,34050,5.37
780.5,102,35370,5.36
781.75,102,32760,5.38
781.5,102,34720,5.36
778,102,33320,5.24
780,102,33590,5.52
779.5,102,35860,5.2
781.75,102,32590,5.55
783.25,102,33930,5.47
781.75,102,34760,5.28
779.25,102,32740,5.51
780.5,102,35590,4.95
778.75,102,33200,5.32
781.75,102,35350,5.15
783.5,102,32680,5.28
780.75,102,34760,5.36
779.75,102,33170,5.25
777.75,102,33560,5.24
780.75,102,35830,5.13
781.25,102,32400,5.3
780.25,102,34390,5.29
781.5,102,34170,5.4
780.25,102,33150,5.24
780.5,102,32540,5.35
777.25,102,34000,5.05
779.5,102,35450,5.36
785.75,102,33530,5.2
780.5,102,35300,5.06
779.25,102,34720,5.25
778,102,34390,4.82
777.5,102,37050,5.18
781,102,33320,4.82
780.25,102,35690,4.87
783.5,102,34700,4.97
781.75,102,33930,4.93
781.25,102,36820,5.02
779.75,102,35350,5
779.75,102,35720,5.09
780.75,102,34030,5.03
781.5,102,33640,4.96
782.75,102,34910,4.87
780.25,102,35910,5.04
781.25,102,33880,4.84
778.25,102,36470,4.94
779.5,102,34250,4.77
780.75,102,34420,5.08
783,102,36100,4.96
782.5,102,33470,4.96
781.5,102,35670,5.02
782,102,35460,4.93
779.75,102,34330,5.1
780.5,102,36280,4.98
780,102,33480,4.94
783.25,102,35030,4.48
780.5,102,33960,4.99
781,102,36400,4.85
779,102,34110,4.97
781,102,34550,4.69
778.25,102,35880,5.17
783.25,102,33650,4.9
781,102,35710,4.99
781.25,102,35710,4.83
778.25,102,34050,5.06
776.5,102,36200,4.95
781.75,102,33210,4.98
783.5,102,35550,5.12
781,102,34230,4.9
782,102,36630,5.09
782.75,102,34110,4.92
782.5,102,34450,4.96
779.5,102,35960,5.09
779.5,102,33660,5.1
782.5,102,36180,4.93
782.25,102,35060,5.01
781.25,102,37100,4.95
783,102,33660,4.71
776.75,102,35130,4.85
780.5,102,34660,5.05
781.25,102,33980,5.06
781.5,102,36250,5.14
778.75,102,33620,5.07
777.75,102,34090,5.04
779.25,102,34860,5.19
777.5,102,33720,4.87
780.75,102,36430,5.08
782.5,102,33370,4.99
782.5,102,34020,5.1
779.75,102,33110,4.62
780.75,102,35220,4.77
777.25,102,33510,5.08
780.75,102,34190,4.72
778.5,102,36300,5.03
782.75,102,32860,5.05
781.25,102,34760,5.27
780.5,102,34300,4.82
783,102,33560,5.19
780,102,36130,5.01
781.5,102,33350,5.19
781,102,34570,5.1
779.5,102,35100,5
781.5,102,33350,4.96
780.75,102,35760,5.1
780.5,102,34030,5
780,102,36340,4.8
779.75,102,32950,5.15
781.75,102,34660,5.12
780.5,102,34690,5.11
781.75,102,33390,5.01
780.75,102,35940,5.09
775.75,102,33420,5.12
780,102,35980,5.12
781,101,33370,5.15
781.25,101,35490,5.14
780.5,102,33370,5.06
780.5,102,35500,5.05
779.25,102,32800,4.78
780.75,102,35220,5.11
778.75,102,34700,4.89
781,101,33740,5.02
779.75,102,35920,5.13
779.75,102,33050,5.11
779.75,102,34910,5.03
777,102,35150,5.02
780.5,102,36350,5.17
782,102,33350,5.01
781.75,102,33910,5.1
781.5,102,35670,5.11
781.5,102,33040,5.09
780,102,35300,4.71
782.5,102,34450,5.04
778.5,102,33760,4.97
783.25,102,35690,4.97
783.25,102,33050,4.98
781.5,102,34080,4.98
781.75,102,36200,5.07
776,102,33230,5.02
780.5,102,35550,5.02
781.25,102,34270,4.98
781.5,102,35370,4.92
780,102,33010,4.96
780,102,35490,5.13
781.5,102,34720,4.8
779.75,101,33910,5.02
778.5,102,35770,5.08
780.75,102,33010,5.01
782.25,102,35130,4.7
781,102,35490,5.07
781.25,102,33370,4.79
776.25,102,35790,4.98
783,102,32950,5.02
781.25,101,34490,4.87
783,102,35980,4.82
782.5,102,33070,5.14
780.75,102,34940,5.02
782.25,102,33620,5.01
778.25,102,35550,4.74
782,102,32930,5.07
780,102,34720,5.04
782,102,35940,4.87
781.5,102,33200,5.01
780.5,102,35080,4.97
779.75,102,34260,5.12
781,102,34110,5.18
777.75,102,36470,4.98
780.5,102,33040,5.11
779.5,102,34840,5.02
781.75,102,34050,5.08
782.5,102,33620,5.05
778.5,102,36300,4.92
782.5,102,33170,4.99
780,102,34690,4.95
780.75,102,33440,5.08
782,102,35520,4.78
782,102,33050,4.9
778.75,102,34120,4.95
780.5,102,35790,5
780.25,102,33290,4.62
782.25,102,35350,4.92
780.75,102,33920,4.99
778.75,102,33880,5.15
780.5,102,36550,5.2
775.5,102,33010,4.88
781.75,102,34840,5.09
780.5,102,34330,4.99
781.75,102,35490,5.15
780.25,102,34020,4.92
780.75,102,33030,5.13
780.75,102,34470,5.16
780.5,102,36470,5.04
781,102,33940,4.81
781.25,101,35690,4.99
781,102,34520,5.16
779,102,33660,5.18
780,101,35000,5.07
779.75,102,35520,5.17
782,102,33010,5.07
783,101,35470,5.01
781,102,35300,5.09
780.25,102,33940,5.19
780,102,35570,4.96
778.25,102,35300,5.18
783,101,36470,5.01
780,102,34840,4.64
779.75,102,33760,5
779.5,102,32800,5.09
782,102,34690,4.94
784,102,35650,5.24
781.5,101,34020,4.77
783,101,33030,5.08
780,102,34390,4.75
779.25,102,36230,5.16
777.25,102,35370,5.06
782.5,102,33980,4.97
781.25,102,32930,5.22
779.25,101,34960,4.82
782,102,35680,4.94
780.75,102,35670,4.92
778.75,101,36000,5.11
783.25,101,34330,5.14
783.25,102,32860,5.12
780.5,101,34030,4.93
780.5,102,35740,4.92
780.5,102,34910,4.96
779.5,102,33740,5.18
780.5,101,33150,5.08
779.5,101,35960,4.97
779.5,102,36400,5.1
781.5,101,35000,5.17
780.75,101,33440,5.2
780.75,102,33250,5.08
781.75,102,35370,4.77
782.75,101,33250,4.83
779.5,101,33500,4.93
780.25,101,35270,5.11
777.5,102,33880,5.03
782.5,102,33920,4.83
782.25,102,35560,5
780.25,101,34810,5.29
781.75,102,33540,5
780.25,101,33070,5.19
776.25,101,35000,4.87
780.75,102,33500,4.92
782.75,102,33510,4.97
781,102,36300,4.97
778.5,101,35880,5.13
780.25,102,34090,4.87
783.5,102,34760,4.86
780.5,101,34000,5.12
780.75,101,32970,5.15
782,102,35300,5.2
778.25,101,36430,5.08
780.5,101,35130,5.17
779.5,101,33980,4.87
783,102,33070,4.97
780,102,34740,4.94
780,102,33200,4.95
780.5,102,35450,4.95
781.5,102,36330,4.87
781,102,34270,4.9
781,102,33130,5.07
779.75,101,33690,5
777.5,102,35650,5.13
781,102,34760,5.19
781.75,102,33930,4.8
780.5,102,33290,5.13
783.25,101,33470,4.99
781,102,35860,4.77
780.75,102,34140,5.1
778.75,101,33200,5.05
783.25,102,33350,5.16
779.25,102,33070,5.03
779.5,102,34490,4.98
781.75,102,33910,4.99
783,102,35130,5.05
783.5,102,34200,5.07
783,102,36650,5.18
778.75,102,35830,4.96
781.5,102,35830,5.19
779,102,34480,4.89
780.5,102,33590,5
781.5,102,34250,5
782.5,102,36830,5.05
780.25,102,35210,4.97
780,102,34420,5.3
779.25,102,33260,5.07
781,102,34860,4.98
781.75,102,36220,5.2
781.25,101,34570,4.6
782,102,33740,5.07
778.75,101,34520,4.81
783.25,102,36740,5.18
782.25,102,36200,4.96
781.25,102,34840,4.7
782,102,33260,5.01
779.5,102,35030,4.83
777.75,101,36200,5.06
780.25,102,35150,5.1
779,102,36910,5.14
782.25,101,33590,5.07
782,102,36220,5.05
781.25,102,36520,5.03
780,101,35100,5.19
783,102,33910,4.97
778.5,101,33620,5.25
782,101,35860,5.11
781.25,101,34660,5.14
779.75,102,36870,5.12
783.5,102,36100,4.92
777.75,102,34450,4.95
782.25,101,33560,4.97
780.75,102,34480,4.93
778.5,102,36300,4.96
775.75,102,33470,4.8
782.25,101,34050,4.95
782,102,33450,5.05
780.75,101,35850,4.54
783.25,101,36840,5.07
780,101,34910,5.11
779.25,101,33840,5.12
780.5,102,33510,4.95
784,102,33590,4.72
779.5,101,34690,5.14
780.75,101,34370,5.06
779.25,102,36080,5.13
778,101,33740,5.05
784,101,36040,4.97
783.75,101,35280,5.06
782.5,101,34110,5.01
780.25,101,33660,4.88
780.5,101,36300,4.94
780.5,102,33760,5.09
779.75,101,35450,4.64
781,102,36280,5.24
781,102,34810,5.14
776,101,34050,4.83
780.5,101,33620,4.86
778.75,101,35190,4.98
776,102,36920,5.15
784.75,102,34970,4.97
781,102,36060,5.02
779.75,102,34670,5.2
775.75,102,33880,5.05
781.25,101,33720,4.99
781.5,102,36060,5.14
781.75,102,36440,5.09
777.5,101,34850,5.17
782,102,33010,5.18
777.75,102,32500,5.15
778.75,102,33130,5.3
781.75,102,32900,5.39
779.5,102,35300,5.3
781.25,102,35620,5.34
777.5,102,33910,5.44
780.75,102,32860,5.43
778.25,102,32520,5.37
780.75,102,32740,5.28
781.5,102,33860,5.42
781.75,102,35920,5.3
780,102,34720,5.34
781.75,102,33620,5.27
780.75,102,32190,5.28
781.75,102,33760,5.17
783.5,102,35110,5.34
780.75,102,33470,5.39
779.5,102,32760,5.44
779.25,102,33780,5.3
780.5,102,32760,5.2
779.5,102,32900,5.25
780.75,102,35220,5.35
776,102,34760,5.33
781.5,102,34570,5.32
781,102,33320,5.21
781,102,34000,5.35
781.25,102,34640,5.25
783.75,102,36250,5.02
781,102,34340,5.11
783.5,102,33980,5.17
780.5,102,34110,5.08
781.5,102,33660,5.05
780.25,102,35710,4.59
780,102,35790,5.11
780.25,102,36770,5.14
776.75,102,36470,4.84
783.25,102,34810,5.09
780.75,102,33320,4.97
780.25,102,34670,4.97
778.5,101,33500,5
780.25,102,33980,4.99
780.25,101,33590,4.97
779.75,102,35330,5.05
780.5,102,36110,5.02
781.25,102,34760,4.91
779.75,102,33930,4.9
781.5,102,33960,5.05
781.25,101,36400,5.01
778.75,102,33720,4.85
782,102,34520,4.98
779.5,102,35880,4.79
779.75,101,34330,4.86
778.5,102,33590,5.06
779.5,101,34540,4.98
781.75,101,36960,4.99
779,101,35610,5.1
777.5,101,34520,4.88
780.75,102,33260,5.04
780.5,102,34700,5.07
783.25,102,36100,5.05
781,101,34610,4.96
778,102,33440,5.17
779.5,102,33020,5.09
778.25,102,35300,5.04
782.25,101,36040,4.99
781.5,101,34300,5.09
781.5,102,32890,4.92
779,101,34330,5.15
781,102,35740,5.02
777.75,101,35100,4.81
780,102,33810,5.17
780.5,101,33070,4.73
781.5,102,35740,5.28
777.25,102,36220,4.89
782.25,102,34080,4.99
780,101,33070,4.91
781,101,33540,5.05
780.25,102,32920,4.85
783.75,102,35250,4.96
778.5,101,36320,4.92
778.25,101,35370,5.23
781.25,101,33980,5.01
780.75,102,32930,5.13
780.5,102,34450,5.23
779.75,102,35740,4.92
782.5,102,34330,4.94
780.25,102,33250,5.07
780,102,33840,5.05
781,102,36290,5.27
779.75,102,33560,5.02
781,101,35640,5.14
780.75,102,34960,5.06
780.5,101,33760,4.75
781.5,101,32930,4.93
781.25,101,35350,4.92
781.75,102,36090,5.14
782.25,102,34610,4.95
777.5,101,33590,5.02
781,102,32930,4.94
780.5,101,34910,4.86
782.5,101,35550,4.77
778.25,101,33960,4.99
780,101,33250,5.17
780,101,33560,5.06
780.25,101,33150,4.89
781.5,101,33590,4.87
780,101,34960,4.56
777.75,102,33470,4.76
782.5,102,32860,4.91
780.5,102,32980,5.06
779,101,35250,4.95
780.25,102,32500,4.84
778.25,102,33290,5
781.75,102,32740,4.87
779.25,101,33780,4.96
781.75,102,34170,5.15
781,101,32780,5.05
779.75,101,35330,4.87
777.75,101,33070,5.11
778.25,101,33960,4.97
782.25,101,34810,4.57
782.25,101,34740,5.17
782.25,101,36040,4.95
781.5,102,34640,4.87
779.75,101,33390,5.15
779,102,32370,4.89
778.5,101,33930,5.04
780.25,101,35220,4.67
781.5,101,33960,4.97
780.5,102,32830,5.19
775.25,101,32740,4.99
783.75,102,35210,5.2
779.25,102,35570,4.92
780.25,101,33690,4.89
782,101,32500,4.91
779.25,101,33720,4.71
777.75,101,35120,5.18
780.75,101,34470,4.88
783.25,102,33270,5.02
781.75,101,32640,4.85
783,101,35250,5.17
781.75,101,35080,4.7
781.25,102,33790,5.23
778.75,102,32760,5.06
780.75,101,32830,4.8
783,101,35130,4.84
780.75,102,34330,5.11
779.75,101,33030,5.15
780,101,32690,4.98
777.75,101,34720,4.99
781.5,101,35910,5.3
780.75,101,33860,4.93
779.25,101,35060,5.01
778.25,102,33290,4.67
780.25,101,32680,4.93
780.5,101,33560,5.05
780.25,101,35490,4.89
781.75,102,34660,5.09
777.5,101,33020,4.88
780.5,101,32500,5.06
779,102,31980,5.17
780.75,101,34200,5.19
781.25,102,34390,4.77
781.25,101,32950,5.17
779.5,101,32150,4.92
779.75,101,33910,4.87
778.25,101,32620,4.63
782.5,101,32130,4.95
779.5,102,34350,5.13
781.5,101,35390,5.07
775.75,101,32320,5.03
782.75,101,34230,5.24
777.75,102,31670,5.15
785,101,33510,4.93
781.25,102,34420,5.18
778.75,101,32800,5.3
779.5,101,34170,5.2
780.75,101,34420,5.11
781,101,32870,5.03
779.5,102,32130,5.15
779,101,33150,5.12
779.75,102,31880,4.92
779.25,101,32420,5.2
782.25,101,34690,4.99
781,101,33620,5.02
781,102,32400,5.1
779.75,101,32420,4.9
780.75,101,34860,5.1
779.5,101,35220,5.01
777,102,33810,5.28
782,102,32440,4.92
780.75,102,32340,5.21
782.75,102,34610,4.97
776.5,102,34300,5.12
782.75,101,32650,5.2
779.5,102,31850,4.99
782.5,101,34280,5.13
781.25,101,31850,5.16
780.5,102,33510,5.01
781,101,32500,5.12
779.75,102,33620,5.1
782,101,32320,5.26
782.75,102,32980,5.14
780.25,101,35360,5.07
776.5,101,34350,5.13
782.5,101,32760,4.9
778.25,101,32040,5.04
783.25,102,33500,5.29
781.75,101,34350,5
783.25,101,32790,5.14
781.25,101,34690,5.12
781.75,101,32660,5.02
780.75,102,35240,4.9
781,102,34450,5.02
780.75,102,34760,5.02
779.5,102,34030,4.95
779,101,32500,5.17
779,102,34520,5.28
780.75,102,34200,5.13
782,102,35610,5.05
781.25,102,33740,5.07
779.25,101,32620,5.02
782.5,101,31910,4.89
778.75,101,33640,5.23
780.75,102,34520,5.09
781.75,102,32870,4.93
781,101,32040,5.12
779,101,33540,5.16
780,101,35330,5.2
781.5,101,33230,4.72
780.5,102,34720,5.28
782,101,33440,5.2
780.75,101,32540,5.13
781,101,32400,5.07
782.75,101,35180,4.97
782,102,34490,5.04
780.75,102,33010,5.03
783,101,31850,4.99
779,101,32710,5.05
781.5,101,32100,5.05
778.25,101,34170,4.88
780.5,101,35220,5.1
782,102,33540,5.02
780.25,102,32460,5.05
779,102,32010,5.15
783.25,102,34050,5.09
782.75,102,34370,5.22
782,101,32830,5
779,101,32040,5.05
779.5,102,34210,5.05
781.5,101,35340,4.99
777.5,102,34420,5.02
781.25,102,32890,5.2
781,102,33860,4.91
781.5,101,32420,5.08
780.25,102,34690,5.15
780.5,102,32030,5.09
778.75,102,33300,5.12
780.75,102,35220,5.24
780.25,102,32130,5.19
781,102,34080,5.24
779.75,102,32950,4.77
778.25,102,34610,5.24
780.75,102,33620,5.01
781.25,101,35370,5.07
780.5,102,33640,4.98
781.75,101,32590,5.05
778,102,32070,4.92
781.5,102,33780,5.12
778.75,102,32590,4.88
780.75,101,33370,5.06
780.25,102,32250,5.07
779.75,102,32740,4.95
779.5,102,35300,5.26
781.25,102,34720,4.92
777.75,102,33110,5.04
781.75,102,32070,5.03
779.25,102,32970,5.22
781.75,102,34520,5.13
778.25,101,34270,4.98
779.75,102,32740,5.1
782.25,101,32010,5.12
780.25,101,34760,5.09
779,101,34670,5.01
779.25,101,33660,5.07
783.5,101,32660,5.05
777,101,32050,5
780.25,102,33980,5.14
781.25,101,34000,5.12
780,101,32640,4.97
778.5,101,31850,5.13
781,102,33840,5.08
779,102,35550,4.85
780.5,101,33720,5.06
781.75,102,32710,5.21
779.75,101,33350,5.07
779.5,101,32320,5.25
779.5,101,34630,5.07
780.25,102,33370,4.93
781.25,101,35130,5.13
779,101,33060,4.97
777.5,102,32340,5.24
780.25,101,35080,5.12
779,102,34690,4.81
780.5,101,32780,4.95
779.75,101,32130,4.92
779,101,32640,4.98
778.5,102,34000,5.18
780.5,102,32340,4.91
782,101,34520,5.15
783.25,102,32680,5.12
782,102,31880,5.15
780.25,101,33910,5.1
781.25,101,34750,5.19
782.5,102,35000,4.97
780.5,102,34780,5.2
782,102,33060,5.02
779.75,102,32040,5.1
778,101,32760,5.04
782.5,102,34810,4.97
776.5,102,33840,5.15
783.5,102,32500,4.89
782,102,34730,5.06
782.5,101,32960,5.02
776.75,102,32150,5.02
782.75,101,32620,5
778.25,102,35220,5.06
782.5,102,34270,5.24
780,102,32710,5.02
779.75,102,33690,4.98
778.75,102,32370,5.08
781.25,102,32100,5.12
781,102,33390,4.89
782.25,102,32420,5.29
783,102,32900,4.99
779.75,102,31850,5.02
780.5,102,34490,5
780.25,102,33440,4.8
785,102,32340,5.28
780.5,102,34170,5.07
783.25,102,34860,5.02
779,102,33510,4.89
782,102,32620,4.95
781.25,102,33690,4.94
781.75,102,32160,5.11
781.5,102,33450,4.87
782.25,101,35220,5.19
778.25,102,34080,5.22
782.25,102,32890,5.05
779,102,32400,4.93
780.5,101,34780,4.98
782.25,102,32400,5.13
778.75,101,34350,4.87
782,101,35000,5.11
778.75,102,33930,5.05
780.25,101,32710,5.05
780.75,101,33560,4.76
779.75,102,35670,5.28
776.5,101,35570,4.96
780.75,102,33980,5.01
777.75,102,32710,5.09
785.5,101,32740,4.99
782,101,35300,5.1
781.5,101,34200,5.2
776.75,102,33250,4.86
782,101,32590,5.12
780.25,102,33410,5.13
780.5,101,32220,5.16
780,102,33150,5.05
776.75,101,32400,5.27
780.75,101,34330,5.01
777.75,101,35790,4.99
782,101,34330,5.29
782.75,102,32830,4.87
779.75,101,32590,5.17
780.25,101,34120,5.04
782,101,34860,4.98
781.5,102,33240,4.97
781.75,102,32530,4.95
781.75,102,34360,5.16
780.5,101,35830,5.02
779.75,102,34570,5.11
779.5,102,33030,4.99
781.5,101,32400,5.07
780.25,102,33630,5.22
780,102,35250,5.13
779.75,102,34000,5.01
779.75,102,32930,4.93
780.25,102,33110,5.1
781,102,35470,4.94
782.25,102,35250,5.11
780.25,102,33450,4.97
777,102,32520,4.97
781.5,102,32980,5.17
778,101,35070,5.08
781.75,102,34270,4.75
783.25,101,34080,5.07
783,102,32810,5.14
776.75,102,35600,4.92
783,102,32890,5.09
781,101,33480,4.78
781,102,34690,4.96
780.5,102,32640,5.13
780.25,102,32930,4.94
782.25,102,33250,4.84
784.25,102,35760,5.14
783.75,102,33250,5.01
779.25,102,33410,5.06
780.5,102,34860,5.15
780.5,102,32620,5.05
780.5,101,34860,4.97
776.5,101,34050,5.08
781.75,101,33210,5.05
781.5,102,35220,4.96
781,101,32340,4.97
781.75,102,34030,4.95
782,102,35000,5.02
781.75,101,32830,5.19
780.25,101,32860,4.92
780.5,102,33740,5.15
779.75,102,34520,4.79
783.5,102,32760,4.85
782.5,102,34860,4.83
781.25,102,34480,4.76
779.5,102,33130,5.1
780.75,101,35250,4.99
780,101,33840,5.06
781.5,102,33930,5
781.75,102,32760,4.88
778,102,35490,4.74
779.75,102,32980,4.95
776.75,101,33980,4.83
780.5,101,34250,5.21
777.75,101,33070,4.83
781,102,35350,4.92
781.25,102,33390,5.02
780.5,102,33330,5.16
779.5,102,32590,5.07
779.5,102,34570,4.88
782.25,102,33230,4.94
780,102,35210,4.93
780.75,102,32340,4.47
780.75,102,34110,5.1
780.5,101,35270,5.1
778.5,102,32860,5.02
780.5,102,35030,5.09
777,101,32620,4.92
780.75,102,33670,5.15
781,102,35610,5.02
780,102,32320,5
777.25,102,34640,5.25
780.5,102,31930,5.01
783.25,102,33120,5.18
781.25,102,34980,4.78
781.25,102,34810,5.17
781.75,102,33500,5.1
779.5,102,32620,5.03
777.5,102,34500,5.19
783.75,102,31850,4.98
780.25,101,33780,4.92
781.5,102,34260,5.1
781,102,32520,4.89
781.75,102,34570,4.77
780,102,32070,4.77
779.5,101,33510,5.12
780.75,102,35080,5.09
779.75,102,32150,5.14
781.75,102,34030,5.12
779.75,102,32970,5.16
780,102,32710,5.13
778.75,102,32070,5.13
780.5,101,34050,4.93
779.75,101,34300,5.02
781,102,32560,5.07
782,102,34490,5.2
783.25,102,32070,5.15
783.75,101,33000,4.73
783,101,35030,5.02
781.75,102,32050,5.17
778,101,34200,5.11
779.75,102,32440,5
780.5,101,32970,4.93
778.5,102,31920,4.92
777.75,102,34810,4.9
780.75,102,32900,5.07
782.75,101,32660,5.03
780,101,34740,5
780,102,31850,5.1
779.75,102,33960,5.1
781.5,102,34640,5.16
778.25,101,32400,5.24
781,102,34630,5.12
777.75,102,32030,5.05
782.75,101,33720,4.97
784,102,34840,4.93
780.75,101,32220,4.83
780.25,101,34250,5.07
777.5,101,32250,5.01
782.5,102,33170,5.03
778.25,102,35130,5.21
780.75,102,32070,5.16
780.75,101,34000,4.94
782.5,101,32440,5.02
775.75,101,34690,5.06
781.75,101,31830,4.99
778.75,101,33010,5.05
778.75,101,33750,5.05
780.75,102,32070,5.11
781.75,102,34110,5.14
782.5,102,31540,5.05
782.5,102,32500,5.03
783,101,34640,5.03
776.75,101,31610,5.08
781,102,32320,5.23
780,102,32260,5.18
780.5,102,34120,5.17
776.75,101,31590,5.02
783.25,102,34030,5.14
783.25,101,33390,4.97
784,102,32100,5.14
782.25,102,33970,5.19
780.75,102,32320,5.05
781.5,102,33590,5.17
779,101,31830,5.14
782.25,102,34300,5.15
778.5,102,32320,4.99
783,102,32290,5.15
780.25,101,34300,5.09
781.5,102,31340,5.09
779,102,32740,4.89
780,102,33810,5.27
779.75,101,31880,5.12
779.5,101,31670,5.09
781.5,101,32660,5.28
779.5,101,33660,5.05
779.5,102,31790,5.14
780.25,102,34370,5.05
781,102,32290,5.04
775.5,102,32860,5.27
781.25,102,31910,4.93
782.75,102,33880,5.23
782.75,102,32410,5.06
795.5,102,36610,12.16
1664.75,104,46310,12.01
1942.25,107,52910,20.31
2111.5,115,55410,22.42
2223.25,122,57300,23.43
2304.25,126,57730,22.44
2295.5,126,56860,21.41
2273.25,125,56630,20.87
2289.5,124,61970,21.77
2424.75,127,76600,30.65
2598.5,130,62130,30.96
2577.25,133,65530,30.65
2337.25,130,44860,29.9
1664.25,122,36130,20.63
1066.75,117,32540,6.64
1036,110,45460,12.82
1721,110,49630,13.76
2077,110,55670,22.44
1903.25,115,39290,23.96
1298.5,115,33760,14.47
760,111,33900,5.77
762.25,106,30710,5.55
769.5,104,33590,5.21
777.25,103,30570,4.97
774,103,33070,5.11
778,102,30480,5.12
773.5,102,34420,4.94
779,102,31090,5.04
779.75,102,32890,4.83
778.75,102,31520,5
780.25,102,33590,5.12
782,102,30910,4.89
778,102,32590,5.02
777.5,102,33190,5
780.25,102,31490,4.95
779.25,102,33780,5.32
781.5,102,31030,5.15
783,102,32080,5.16
783,102,34570,5.13
781.25,102,31610,5.05
781,102,33230,4.99
780.75,102,32900,5.1
778,102,34110,5.03
780.75,102,31520,5.06
781,102,33010,5.17
783,102,34470,5.24
779,102,34370,4.98
779.75,102,32400,5.08
777.5,102,32390,5.14
779.75,102,33560,5.26
780.5,102,31790,5.12
780,102,34120,5.04
781.5,102,32980,5.1
780.25,102,34780,5.17
781.75,102,31560,5.13
781.25,102,33480,5.1
781.75,102,31850,5.15
782.25,102,33720,4.84
781.75,102,31370,5
780.5,102,32890,4.98
781.75,102,34640,5.11
780.5,102,31610,5.09
780.25,102,33740,4.95
781,102,32070,5.05
781.25,102,34170,4.66
781.25,102,31300,5.14
782,102,33070,4.99
782.5,102,34120,4.98
780.25,102,31930,5.11
782,102,34000,5.22
780.25,102,32070,5.17
780.75,102,32400,5
778.75,102,31370,4.95
781,102,33390,5.05
778.75,102,33850,5.02
780.75,102,34760,4.98
782.75,102,31790,5.24
781.5,102,32780,4.99
779.25,102,33350,5.14
780.5,102,31710,5.02
781.5,102,34170,4.97
777.5,102,32290,5.02
782.5,101,32860,5.22
783.25,102,34690,4.97
780.5,102,32070,5.23
778.75,102,33560,5.02
781.5,102,34780,5.02
780.75,102,32150,4.91
783.75,102,34370,5.07
783,102,32460,5.22
783,102,32780,5.17
780,102,35310,4.99
780.25,102,31820,4.95
779.5,102,33860,5.01
776.75,102,32660,4.96
779.75,102,32830,5.15
781,102,35470,5.13
779,102,32010,5
778,102,33620,4.69
780.75,102,33110,4.97
780.5,102,32420,5.13
780.5,102,35450,4.91
783.25,102,32200,5.28
783.25,102,35130,5.11
781.5,102,32130,5.03
781,101,34540,5.15
780,102,32170,5.09
779.75,101,32980,5.08
784.25,101,35310,5.11
783,101,32100,5.03
778.75,102,33720,4.97
779,102,33330,5.07
780,102,32860,4.96
783,102,35220,5.1
777.25,102,32200,5.12
782,102,33270,5.12
781.25,102,34170,5.17
781,101,34330,4.99
777.5,102,32170,5.03
783.5,102,33180,5.09
782.75,102,35270,5.2
782.75,102,31880,4.95
782,102,33660,4.91
782.75,102,35220,5.19
778.25,102,33760,5.02
780.5,101,32520,4.92
783.5,102,34860,5.04
780.25,102,32780,5.05
781.5,102,32920,5.16
781.25,102,34250,5.05
781.5,102,32030,5.03
780.75,102,34570,4.98
780,101,33290,4.98
777.5,102,32840,5
780.25,102,34610,5.11
782.25,102,33840,5.07
782.5,101,33230,5
780,101,32520,4.86
780.25,101,35130,5.08
781,101,32290,5.18
779.75,101,33590,5.02
779.5,101,33590,4.99
781,102,32520,5.13
780.25,102,34860,5.06
779.5,101,32370,5.04
782.5,101,32870,5.15
778,102,34470,5.07
781,102,31820,5.15
783.75,102,33980,5.12
783.75,101,34590,5.15
778.75,102,33030,5.13
781.25,102,35190,5.12
780.75,102,33350,5.02
779.25,102,33630,5.05
780.25,101,35820,5.16
780.5,101,34880,4.87
781.75,101,34570,5.25
779.5,101,33200,4.85
780.75,102,35270,5.12
778.5,102,32660,5.13
780.25,102,34230,5.13
781.25,102,35210,5.17
781.5,101,32810,4.95
778,101,35000,4.69
780,101,32290,5.1
781,102,34050,4.9
778.5,101,34570,4.99
781.25,101,33010,5.1
781.5,102,35000,5.04
779.5,102,32660,5.16
776.5,102,33610,4.99
779.5,101,35450,4.99
780.25,102,32640,5.26
779.25,101,33110,5.14
781,102,33350,5
781.25,101,32560,4.99
778.25,102,34690,5.18
782.75,101,32860,5.09
783,101,33290,5.08
780.5,102,35830,4.97
782.5,102,32620,4.96
783.5,101,33910,4.9
779.75,102,32680,4.98
779.25,101,35080,4.98
780.25,101,32520,5.02
780,101,33720,5.22
779.75,101,32860,5.26
782,102,35350,4.99
781.25,101,33510,4.95
781,102,33500,4.97
781.75,102,34880,5.14
782.25,102,32280,5.07
778.5,102,34940,5.06
780,102,33720,4.98
781.5,101,33170,5.05
779.25,102,35130,5.02
775.75,102,32430,5.04
780.75,102,33330,4.85
781.75,102,33010,4.99
781,102,36350,5.15
782.5,102,33500,5.17
781,102,33840,5.17
780.75,101,35420,5.02
782.25,101,32950,4.84
782.5,102,35030,5.15
778.75,102,35280,4.48
780,102,33270,5.07
780.75,102,35600,5.07
781.75,102,32900,4.92
778.75,101,34350,5
782.5,101,35790,5.14
781.5,102,33150,4.98
779.25,102,35420,5.14
780,101,33170,4.93
784.75,102,33920,4.99
782.25,102,32860,5.05
778.5,102,34570,4.82
781.25,102,35670,5.09
777.5,102,33290,4.92
781,102,35520,4.78
780,102,33320,5
780.75,101,34030,5.07
778.5,102,36440,5.26
782.5,102,32980,4.64
780.5,101,34570,5.17
778.5,101,34210,5.01
782.25,101,33470,5.05
783.5,102,36040,5.12
781.5,101,33500,5.1
778.25,101,34250,4.99
779.75,101,34810,5.12
781.75,101,33200,5.04
834.25,101,38960,7.89
1195.25,102,44460,8.36
1634.75,103,47580,13
1850.5,106,46690,18.57
1767.5,112,42320,13.35
1738,111,42490,13.38
1557.25,110,36740,9.36
1327.25,107,39360,8.31
1469,106,41850,9.36
1570.75,105,41720,10.4
1634,106,43520,12.04
1693.25,108,42270,14.02
1754.75,110,43910,15.06
1794.5,111,44180,15.52
1818.25,113,44650,15.15
1852.5,113,45070,15.7
1888.75,114,45600,16.9
1915.5,114,45660,16.02
1935,115,45090,16.39
1961.5,115,46100,16.8
1991.5,115,47550,17.45
2011.75,116,47970,17.88
2031.25,116,48250,17.99
2049,117,50270,17.8
2088.5,117,52520,18.81
2140,118,55230,20.57
2201.5,121,55900,20.48
2257.25,123,56460,20.88
2283.5,124,56270,21.7
2299,125,58870,21.71
2335.75,125,58810,23.3
2358.5,127,59440,23.29
2374.5,129,60230,23.83
2397.25,130,61100,24.76
2425.75,131,62010,25.27
2475.25,132,64780,27.08
2583.25,135,65060,30.98
2581.5,135,64230,29.03
2564,134,61760,29.55
2502.25,133,59960,25.88
2447.25,131,58740,23.48
2414.25,130,57710,24.2
2375,130,56210,22.48
2269,127,50370,19.36
2191.25,123,48700,18.45
2155.5,120,50380,18.1
2123.5,119,46810,17.53
2058,118,45530,16.17
2031.75,116,44780,15.69
1954,114,43060,14.89
1897.75,113,42230,14.3
1908.75,112,42350,14.32
1866.25,112,44360,14.37
1862,112,41600,14.52
1816.5,111,43400,13.27
1822,111,42470,14.15
1768,111,40670,12.91
1741.25,110,40200,12.72
1714.75,110,40720,12.46
1681,110,40090,12.03
1636.75,109,40490,11.27
1641.75,109,38960,11.83
1549.75,108,39120,9.84
1485.25,107,38350,9.55
1422.25,107,38080,10.74
1365.5,107,38520,10.7
1336.5,107,38200,10.15
1320.5,107,38080,9.37
1318.75,106,37650,9.51
1268.25,106,37350,9.64
1198.5,106,35770,8.42
1048,105,33860,6.47
868.25,104,33780,6.15
875.25,103,32280,5.89
871.25,103,33040,5.91
875.5,102,34690,5.93
874.75,102,32280,5.77
877.25,102,31640,5.92
878.25,102,34520,5.82
877,102,32280,5.72
877.5,102,34300,5.62
877.25,102,32500,5.65
873.25,102,34780,5.7
878,102,33350,5.67
875.75,102,32980,5.92
876.5,102,34230,5.71
879.5,102,31950,5.72
1079,102,38280,7.45
1505.75,103,43660,9.98
1684.75,105,42960,13.85
1788.5,109,44220,16.02
1851.5,112,45990,16.85
1896,114,46620,16.32
1922.5,115,46790,16.26
1943,115,47340,16.6
1956.75,115,46230,16.37
1955,115,45770,16.01
1954.5,115,46420,15.75
1954.75,114,46800,16.1
1955.25,114,46500,15.61
1953.5,114,46580,16.15
1953,114,47420,15.71
1957.25,114,46830,15.65
1953.75,114,46820,16.19
1953.5,114,46600,15.42
1953.75,114,46300,15.79
1952.75,114,46190,16
1953.25,114,47180,15.63
1953.25,114,46480,15.87
1952.25,114,46820,15.78
1952.5,114,47110,16.04
1931.25,114,46080,15.44
1909.75,114,46290,14.75
1912.5,113,46380,14.95
1912.75,113,46500,15.3
1908.75,113,46210,15.22
1912.5,113,45920,15.09
1910.25,113,46660,15.26
1927,114,48280,15.51
2000.5,114,50710,17.92
2060.5,117,51780,18.07
2086.5,118,52390,17.95
2099.75,118,52850,18.35
2110.5,119,52860,18.22
2151,119,57590,19.86
2220.25,121,57980,20.59
2267.5,123,57100,22.4
2279.75,126,57890,22.46
2304.75,126,59090,23.07
2324.75,128,59570,23.45
2336.25,129,59080,25.75
2334,132,59330,24.52
2339,132,59320,24.87
2345.25,132,59350,25.37
2348.5,133,58380,27.56
2381.75,133,63320,28.45
2609.75,136,59290,35.44
2589.75,136,62300,34.34
2589,136,61680,36.06
2592,135,62250,35.64
2538.5,133,47700,33.85
2191.5,131,60860,24.38
2220,131,54750,23.51
2220.5,130,49840,24.67
2165,129,46500,22.22
1913.25,122,45040,17.49
1969.25,120,45090,18.58
1872.5,118,41450,15.09
1763.25,115,41040,13.68
1724.25,112,40500,12.56
1703.75,111,40340,12.87
1629.75,110,38060,11.42
1520.5,109,36040,9.92
1402,107,36290,9.57
1355.75,107,41200,10.32
1541.75,107,42380,13.35
1661.25,110,43030,16.08
1754.25,113,43430,17.13
1806.25,115,43630,17.02
1841.25,116,45260,15.32
1829.25,114,42870,14.93
1803.5,113,43120,14.15
1796.25,112,43380,14.52
1795.75,112,43630,14.75
1800.5,113,43600,15
1800.25,113,43520,14.94
1800,113,44270,13.75
1801.75,112,44600,13.75
1797,112,44130,14.02
1796.75,112,44430,13.63
1798.25,111,44160,13.93
1796.25,112,44550,14.04
1639.5,109,39210,19.53
796.75,110,32980,5.94
1062.5,107,36220,7
1486.5,105,43950,9.14
1618.75,106,42170,11.9
1627.75,108,41750,11.53
1592.75,108,41040,10.87
1571.75,108,41800,11.07
1556.25,108,40890,10.96
1531.75,108,38010,12.21
1214.5,108,35690,7.07
1046,106,33510,6.37
803.5,104,33860,5.43
776,103,34940,5.2
766.25,102,34250,5.2
773,102,33690,4.93
775.25,102,35580,4.89
772.75,102,33320,5.12
779.25,102,33910,4.96
781.75,102,33050,4.97
780,102,33270,4.9
779,102,35350,5.1
780.75,102,35180,4.71
779.5,102,33770,4.9
780.75,102,35100,5.2
780.5,102,33590,4.78
777.25,102,32680,4.94
903.5,102,33070,5.58
927.25,102,35610,5.8
1131.75,102,39970,7.16
1461.75,102,43020,9.05
1586.25,104,42530,11.57
1662,106,43000,13.58
1721.25,109,44280,14.63
1764.5,111,44580,15.26
1794.25,112,44210,15.15
1826.75,113,45260,15.59
1825.5,113,43950,14.61
1827.25,113,44120,14.68
1825.75,113,43380,14.5
1825.25,112,43750,14.82
1826.5,112,44090,14.75
1852.5,112,44470,15.02
1820.25,113,44130,14.18
1838.25,112,44890,14.92
1882.25,113,46530,15.38
1931.75,114,46720,17
1972.75,115,47390,17.21
1975.75,116,46240,16.36
1981.5,116,46100,16.05
1978.25,115,46820,16.16
1994.25,115,45680,16.6
1981.5,115,47270,16.47
1982.25,115,46700,16.74
1984,115,46690,16.51
1976.75,115,46750,16.05
1990.5,115,44550,16.16
1974.5,115,45680,16.33
1994,115,45380,16.15
1976.75,115,46230,16.01
2003.25,115,46780,16.74
1994.25,116,46900,16.49
2028.5,115,47630,17.16
2055.25,117,48850,17.62
2072,117,49260,18.39
2082.75,118,50020,17.87
2086.75,118,49190,17.31
2087.75,118,49340,17.71
2086.75,118,49380,18.18
2091.25,118,49610,17.97
2084.75,118,49540,17.87
2093.25,118,48820,17.95
2085.75,118,49800,18.01
2082.5,118,49290,17.62
2083.75,118,49580,17.66
2091.75,118,50570,18.05
2137.25,118,56460,19.7
2220.75,121,57150,20.9
2279.5,123,57150,21.68
2311.5,125,58070,21.75
2349,126,60080,23.44
2397.75,129,61960,24.11
2467,131,64110,26.47
2580.5,134,60180,29.15
2589.25,135,65110,28.97
2589.5,135,64580,29.09
2592.75,134,64110,29.42
2590,135,66220,29.71
2584.75,134,62690,28.37
2309.75,131,55540,20.26
2296.5,127,58570,21.69
2301.75,126,56620,21
2032.25,122,44390,17.94
1888.25,118,46840,13.1
1849.75,114,46470,13.18
1818,112,45950,12.97
1768.5,111,45260,12.23
1740.75,110,45010,12.71
1717.25,110,45000,12.54
1695.5,110,44820,12.45
1667.75,110,44210,12.29
1621.75,110,43430,11.48
1564.75,109,43240,10.63
1517,108,42840,10.5
1459,107,42260,10.54
1385.5,108,41670,11.6
1467.75,108,43060,10.08
1539.5,108,41650,10.54
1505.25,107,41290,10.15
1407.75,107,39600,12
1292.25,108,39060,11.68
1190,108,37070,8.51
978.5,106,34690,6.17
849.75,104,36160,6.15
749,103,36100,5.44
773.25,103,35970,5.17
771.5,102,36110,5.12
774,102,35710,5.05
771.25,102,33690,5.25
776.75,102,35010,5.19
781.75,102,32180,5.32
779.25,102,33150,5.25
779,102,35270,5.34
776.5,102,34610,5.08
780,102,35960,5.18
781.5,102,34150,5.31
775.5,102,35220,5.24
781.25,102,33880,5.24
781,102,35570,5.26
783,102,33840,5.3
781.5,102,32400,5.25
779.5,102,33420,5.37
779.75,102,32440,5.37
780,102,34980,5.26
781,102,34860,5.15
779.75,102,33330,5.16
780.5,102,32560,5.3
777.75,102,33620,5.18
902.25,102,35060,5.87
919,102,32980,5.92
955,102,33440,6.22
1014.5,102,33660,6.6
1061.75,102,34840,7.36
1140,103,35740,8.73
1228,104,39450,8.25
1291.5,104,39030,8.37
1193.75,105,36000,7.55
948.5,104,34270,5.79
872,103,33690,6.07
909.25,103,34120,5.92
929,103,35960,5.92
990.75,103,35610,6.55
1172.75,103,40450,8.18
1300.75,103,38510,8.73
1276.25,104,37620,8.92
1258.75,104,38760,8.97
1249.5,105,37840,8.56
1277.25,105,40840,8.5
1391,105,40330,8.95
1466.5,105,41450,9.19
1520.75,105,41800,9.92
1572,106,41250,11.45
1601.5,108,42140,12.6
1607.25,109,40890,12.39
1615.75,109,41570,12.72
1619.5,109,41870,12.44
1628.25,110,42200,12.68
1633.25,110,42050,12.69
1639.25,110,41410,12.71
1643.25,110,41470,12.78
1643.5,110,40370,12.63
1649.25,110,41140,12.71
1643,110,41200,12.75
1643.75,110,40820,12.94
1684.75,110,41350,13.71
1755.25,111,43680,15.48
1808.5,112,43730,15.53
1831,113,42940,15.41
1842.75,113,43970,14.99
1880.5,113,43970,16.02
1876.75,114,43120,15.3
1875.25,114,43650,15
1928,114,46910,16.47
1998.25,115,47170,18.47
2027.75,117,47520,18.25
2050.5,117,48650,16.77
2055.5,117,48120,17.52
2056.5,117,47600,17.2
2056,117,47630,17.52
2059.5,117,47690,17.33
2055.75,117,47750,17.59
2055.5,117,47830,17.34
2056,117,47690,17.57
2056,117,47580,17.53
2056.5,117,47530,17.61
2061,117,47690,17.54
2060,117,47640,17.62
2056.5,117,48020,17.22
2076.5,117,51070,17.84
2137,118,55710,20.02
2215.5,121,55500,20.88
2281,123,56180,21.96
2316.25,125,56510,21.95
2332.25,126,56540,22.89
2334.75,127,56730,22.19
2344.5,127,57640,23.07
2350.5,128,57380,22.56
2355.5,128,57520,23.17
2361.25,128,57520,22.51
2363.75,129,57670,23
2368.75,128,57490,23.2
2367.25,129,57460,22.48
2372.75,129,57590,23.61
2374.5,129,58660,21.44
2388,129,59610,23.59
2420.25,130,61220,24.85
2459.75,132,64030,26.82
2593.25,134,62160,31.38
2588.25,135,65010,29.73
2588.5,135,65150,29.8
2588.25,135,64520,29.25
2579.75,134,63060,29.95
2171.75,129,56910,19.92
2286,125,59600,22.52
2251,125,53190,20.09
1918.75,122,50410,14.42
2062.5,117,50540,18.23
2091.5,117,50340,17.57
1980,116,46230,14.6
1888.25,114,45310,12.35
1833,111,45530,12.99
1773.75,111,44440,11.8
1720,110,43990,11.87
1682.75,110,44060,11.92
1628.25,109,43550,11.4
1583.75,109,43600,10.77
1545.25,108,43160,10.4
1484.25,108,41890,10.06
1378.75,107,41380,11.97
1304.75,108,40930,10.72
1395.5,108,42550,9.52
1471.5,107,41200,9.47
1436.5,106,39490,11.09
1371.5,107,38900,11.47
1234.25,108,36280,7.65
914.75,106,32900,5.61
850.5,104,33590,5.72
843.5,103,34230,5.44
774.75,103,32170,5.49
775.5,102,32640,5.19
767.5,102,32780,5.31
776.75,102,34570,5.37
774.5,102,33350,5.32
772.75,102,33390,5.32
779.25,102,34840,5.15
779.75,102,35830,5.14
781.5,102,35270,5.18
781.5,102,32770,5.51
775.75,102,33910,5.42
778,102,32830,5.4
779.75,102,34610,5.52
778,102,33050,5.52
781,102,31730,5.47
779,102,32830,5.68
775.75,102,31850,5.57
783.5,102,32290,5.58
782,102,31610,5.52
780,102,34170,5.52
913.25,102,32500,6.25
1026.5,102,36610,8.11
1317.75,103,41570,9.88
1532.5,105,41960,13.53
1607.75,109,42690,15.3
1686.5,111,42570,15.96
1738.25,113,42180,16.13
1785.5,114,42900,17
1811.5,115,43790,16.55
1832.25,115,43460,16.18
1831.25,115,44500,14.56
1882,114,46680,16.23
1943.25,115,47330,18.36
1990.25,117,49580,18.1
2033,118,49680,18.62
2070,119,50720,19.35
2099,120,52710,19.18
2141,121,56460,19.08
2210.25,121,56630,20.6
2257,122,57460,20.73
2283,123,58100,21.2
2303.25,124,57730,20.98
2316.5,125,58890,21.65
2331.5,126,59250,22
2347.75,127,59810,23.05
2366.75,128,60370,23.1
2385.75,129,60240,23.81
2256.75,126,47580,21.27
2118.5,122,54350,17.8
2206.5,121,55260,20.6
2228.25,122,52970,19.93
2149,121,49430,17.22
2070.75,118,49560,16.95
2076.5,116,47330,17.01
2004.5,116,45890,15.15
1974.25,114,47020,15.54
1979.75,114,46480,15.55
1927.25,114,45140,14.67
1931,113,45870,15.37
1936,113,44950,15.24
1862.75,113,43290,13.97
1851.25,112,43790,13.88
1843,112,41650,13.03
1753.5,110,42690,10.91
1739.75,109,43260,10.9
1707,108,40860,10.3
1629.25,107,40370,9.64
1487.75,106,37400,8.66
1280,105,35710,8.18
1120.5,105,36060,6.56
981.75,104,35450,6.35
1055.5,103,37380,6.88
1151,103,36830,7.21
1151.5,104,36460,7.57
1123,104,35740,7.02
1049.25,104,35940,6.61
950.75,103,35520,6.21
915.75,103,33510,6.25
918.5,103,36010,5.97
920.25,103,33350,6.12
919.5,103,35740,6.08
920.25,103,33780,6.14
921,102,35420,5.99
927.25,102,33690,6.14
993.25,102,35300,6.41
1072.25,103,35460,7.1
1199,103,40200,8.67
1352.25,104,40190,8.74
1442.25,104,41670,9.45
1497.5,105,41080,9.23
1515.25,106,41050,9.9
1558,106,41560,11.36
1597.25,108,42500,12.7
1629.75,109,42420,13.24
1664.25,110,41860,13.6
1686.75,111,41940,13.73
1683.25,111,42900,12.87
1685.75,110,41620,12.9
1685.75,110,41820,12.8
1683,110,41560,12.86
1681,110,42230,12.92
1686.5,110,42730,12.67
1686.25,110,42320,12.87
1687.25,110,42580,13.21
1762.75,110,43890,15.2
1837.5,112,45460,16.28
1884,114,46620,16.45
1920,115,46500,16.36
1910,115,46130,15.7
1968.5,115,47450,17.5
2008.75,116,48070,17.45
2003.25,116,47600,16.73
2022.75,116,49870,16.65
2061.25,116,50940,18.57
2101.75,118,52920,19
2168.25,119,55570,20.51
2234.5,122,56460,20.47
2284,123,57070,21.2
2303.75,124,56920,21.71
2326.75,125,58090,21.8
2342.75,126,58780,22.59
2343,127,55740,21.92
2235.25,125,51660,18.59
2158,121,49750,17.84
2133,119,51360,17.71
2088.25,118,48090,16.84
1958.75,116,47290,14.1
1888.25,113,46780,13.54
1853.75,112,46260,13.26
1820,111,45750,13.2
1764.75,111,45110,12.86
1727,110,44710,12.99
1693.25,110,44590,11.97
1662.25,109,44400,11.65
1618,109,43730,11.05
1576.25,109,43480,11.03
1540,108,43330,10.52
1511.5,108,42670,10.42
1437.25,107,41670,11.86
1347,108,41310,11.25
1440.5,108,42720,9.8
1495,107,39980,11.03
1431.25,108,39450,11.84
1368.75,108,38520,11.67
1275.75,108,39230,9.75
1233.75,107,38780,8.85
1183.25,106,38010,7.79
1099,105,35690,7.01
894.5,104,34540,6.19
745.5,103,32340,5.62
772.25,103,32190,5.07
773.5,102,32250,5.47
775.75,102,32320,5.4
774.75,102,32980,5.35
776.75,102,33700,5.11
779.75,102,32590,5.23
775.5,102,33880,5.19
780.25,102,32160,5.24
781,102,33590,5.34
778.75,102,34410,5.47
778,102,32400,5.42
778.75,102,34520,5.32
779.5,102,31710,5.55
781.25,102,33960,5.45
782.25,102,32350,5.6
779.75,102,31670,5.55
779,102,32780,5.52
782.75,102,31560,5.61
779.75,102,31730,5.6
779.25,102,34080,5.67
781.25,102,33510,5.44
779.5,102,32370,5.59
783,102,31400,5.7
778,102,33050,5.62
781,102,34880,5.75
780.5,102,33130,5.52
776.75,102,31610,5.71
779.5,102,30210,5.92
778.25,102,31310,5.85
779.25,102,30710,5.9
782.5,102,32050,5.97
779.25,102,33840,5.91
780.5,102,33050,6
780.5,102,31150,5.89
782.75,102,30270,5.93
779.75,102,32740,5.79
781.75,102,31180,5.84
780.5,102,30420,5.83
782,102,31590,6.05
785,102,33010,5.95
778.25,102,31200,5.98
781.25,102,30510,5.82
781,102,32650,6.09
779,102,33690,5.78
780.75,102,32170,5.96
780.5,102,30850,5.91
776.25,102,30540,5.82
781.5,102,32370,5.81
780.5,102,32810,5.82
777,102,31620,5.97
781.75,102,30710,6.02
782,102,30510,5.9
780,102,31670,5.8
782.25,102,33810,5.89
777.25,102,32540,5.89
779.75,102,33170,6
780.5,102,32050,5.81
777.75,102,31050,5.89
781.75,102,30760,6.05
781.5,102,32950,5.9
779.75,102,31830,5.9
780.75,102,30760,5.96
781.25,102,32950,5.9
780,102,31400,5.87
782.75,102,30660,5.82
779.5,102,31930,5.8
783,102,33790,6.05
782,102,31710,5.76
777.25,102,33070,5.95
780.75,102,31790,5.87
780.25,102,30690,5.87
779.5,102,31050,5.91
779.5,102,33500,6.08
781.5,102,33200,6.01
778.5,102,31420,5.92
781.75,102,33720,5.9
779.25,102,32830,5.88
782,102,31240,5.92
780.5,102,30470,5.93
783.25,102,31710,5.94
781.5,102,33110,5.95
783.25,102,31950,5.84
780.75,102,30830,5.84
780,102,31030,6.02
781.75,102,33590,6.06
778,102,33200,5.8
782.75,102,31330,5.93
784,102,31420,5.68
781,102,33440,5.79
782,102,33720,5.66
780.75,102,32280,5.72
778.75,102,31540,5.67
782.75,102,34230,5.57
781.25,102,34270,5.55
780.5,102,34510,5.67
782.5,102,32710,5.66
776.5,102,31950,5.62
781.75,102,31680,5.5
780.5,102,33900,5.46
779.25,102,33420,5.49
780.75,102,32290,5.65
781,102,31710,5.56
780,102,33760,5.47
781.75,102,34510,5.55
780.5,102,32280,5.6
777.5,102,32570,5.53
779.75,102,33560,5.57
783.5,102,31590,5.59
780.75,102,33910,5.55
782.5,102,32660,5.53
782,102,32280,5.55
780.5,102,34120,5.6
780,102,31450,5.52
780.75,102,32740,5.54
781.25,102,31910,5.6
777,102,34300,5.38
781,102,32030,5.58
779.75,102,32590,5.66
778,102,33690,5.6
779.75,102,31810,5.54
780.5,102,34250,5.71
781.75,102,32810,5.5
780.5,102,32370,5.57
781.75,102,31400,5.54
779.25,102,34570,5.49
785.5,102,32440,5.51
782.75,102,32930,5.4
781.25,102,34740,5.38
777.75,102,33320,5.31
780.75,102,33150,5.3
782,102,32760,5.44
779.25,102,33880,5.4
781,102,34540,5.34
779.5,102,32890,5.33
782.5,102,35210,5.3
781.25,102,33320,5.45
782.75,102,33390,5.16
784.25,102,34960,5.24
778.75,102,32430,5.21
780.25,102,34590,5.2
780.5,102,34480,5.28
778.75,102,35820,5.29
781,102,34300,5.32
781,102,34910,5.34
777.25,102,33030,5.31
782,102,35030,5.27
780,102,32540,5.26
780.5,102,33900,5.22
781,102,35330,5.37
780.5,102,32740,5.14
780.75,102,34520,5.18
780.75,102,32780,5.17
780.5,102,34940,5.32
779.5,102,32500,5.26
777.5,102,34690,5.35
782,102,34570,5.24
780.25,102,32900,5.3
782.5,102,34920,5.05
781.5,102,32290,5.26
781.25,102,33960,5.25
782.25,102,35180,5.32
780,102,32860,5.15
780.75,102,35000,5.34
780.5,102,32620,5.3
779,102,33670,5.3
780.75,102,32500,5.17
779.75,102,34640,5.39
776,102,33960,5.2
782,102,33170,5.19
780.75,102,35100,5.32
780,102,32590,5.05
780.25,102,34450,5.45
782.25,102,35150,5.32
782,102,32780,5.37
780.5,102,34970,5.22
781.75,102,32520,5.27
782,102,33720,5.22
778.75,102,35570,5.18
782.5,102,32620,5.18
781,102,34450,5.47
780.5,102,33680,5.16
781.25,102,35000,5.24
782.5,102,32400,5.21
780.75,102,34030,5.2
779,102,35000,5.45
780.75,102,32710,5.27
781.25,102,34760,5.35
776.25,102,32500,5.22
780,102,33750,5.32
778.75,102,32860,5.37
777,102,35350,5.34
782.5,102,33050,5.17
783,102,35590,5.15
780,102,32560,5.2
782.25,102,34720,5.16
782,102,33610,5.14
781.25,102,33010,5.24
779.75,102,35710,5.23
781.25,102,34390,5.26
781.25,102,32900,5.27
781.25,102,35600,5.25
781.75,102,33250,5.31
781,102,33410,5.39
777.75,102,34960,5.28
782,102,32430,5.25
780,102,34810,5.33
779.25,102,34570,5.28
778.5,102,33200,5.25
781,102,35210,5.41
779.75,102,32340,5.26
782,102,34470,5.32
782.5,102,34720,5.25
783.5,102,32930,5.32
780.5,102,32900,5.1
780.25,102,33610,5.41
780.5,102,34690,5.21
777.75,102,32710,5.22
782.5,102,34960,5.4
782.25,102,34210,5.31
780.25,102,33010,5.32
781.25,102,35210,5.27
779.5,102,32420,5.31
781.75,102,33960,5.35
780,102,33030,5.01
782,102,35430,5.35
783.25,102,33870,5.2
781.25,102,35370,5.41
782.75,102,32620,5.3
783.5,102,34590,5.24
780,102,33150,5.17
781.5,102,33370,5.22
781,102,35790,5.29
779.25,102,35000,5.32
780.75,102,33470,5.4
780.5,102,33250,5.11
781.25,102,35130,5.35
781,102,40160,10.37
1622.75,104,50740,11.45
1939,108,52060,21.84
2004.75,117,51440,19
2073.5,118,55730,19.59
2153.5,119,57680,20.62
2230,122,59510,21.18
2275.25,123,60170,21.58
2288.75,123,56830,21.47
2273.5,123,56480,19.92
2273.25,122,54900,20.27
2223.5,122,55910,19.29
2246.75,121,54500,19.68
2243.25,121,54930,19.53
2236.75,120,52390,19.68
2007.5,118,41960,26.05
1743,119,43490,10.7
1768,113,46040,13.57
1879.5,112,44890,15.76
1819.75,112,42140,15.57
1624.75,110,39640,10.08
1452.5,107,37520,8.8
1279.5,106,38670,7.56
1125,105,33900,6.56
973.25,104,35670,5.82
914.25,103,35420,5.94
916.5,103,33660,5.78
917.25,103,33840,5.75
916.75,102,35300,5.7
916.25,102,33980,5.8
1037,102,37100,6.6
1175.5,102,39010,7.74
1355.75,103,41620,8.34
1464.5,104,41570,9.05
1520,104,41780,9.8
1557.75,105,42150,11.04
1588.5,107,42940,11.36
1612.75,108,42670,12.91
1634.75,109,43550,13.05
1659,109,43990,13.12
1711.25,110,43850,14.15
1755.25,111,44280,14.96
1793.5,112,45320,14.89
1825,113,45460,15.42
1845.25,113,46060,15.47
1849.75,113,46920,15.17
1884.75,113,46480,15.65
1948,114,48890,17.05
1986,115,49160,17.26
2006.25,116,49830,17.07
2038.5,116,50230,18.01
2061.25,117,50630,17.95
2101.5,117,53910,18.84
2178.25,119,56850,20.82
2237,121,57210,21.14
2274.5,122,57700,21.12
2301.75,123,57920,21.72
2322.75,124,58420,22.17
2331.25,125,58500,21.99
2345.5,126,59170,22.76
2356.75,126,58890,23.33
2366.5,127,59260,22.77
2379,127,59170,23.82
2353.25,128,56710,22.35
2302.75,126,52530,19.67
2233.25,124,51260,19.08
2176.75,121,51900,17.97
2189,119,51700,19.12
2187,119,51730,19.1
2186.75,119,51700,18.52
2187.5,119,51730,19.04
2189.75,119,52100,18.85
2193.25,119,51610,18.86
2188.75,119,51730,19.12
2187.75,119,51730,19.14
2188,119,51430,18.69
2149.25,119,47900,18
2014,117,47530,15.2
1948.25,115,46940,14.53
1945.25,113,47640,14.86
1994.25,113,45090,16.15
1980,114,45680,15.77
1978.25,114,47060,16.47
1976.25,114,46120,16.08
1945.5,114,44030,15.68
1932.5,114,45080,14.84
1930.75,113,45720,15.53
1892.25,113,44130,14.37
1898.5,112,44240,14.86
1891.75,112,43080,14.74
1844,112,44020,13.82
1848.25,112,44270,14.49
1839.25,112,42820,14.33
1788.5,111,43570,13.09
1792.25,111,43180,13.98
1796.25,111,43160,14.56
1796.25,111,42910,13.91
1737,111,41710,12.37
1744.25,110,42180,13.53
1747.25,110,42500,13.21
1688,110,41020,9.77
1662.25,108,41060,10.16
1662.75,107,41320,9.95
1618.25,107,39940,9.52
1576.75,106,39250,9.07
1512.75,106,37810,8.98
1387.75,105,36790,8.6
1287.75,105,36300,8.36
1220.5,105,38960,8.14
1158,105,37360,7.43
1085.25,104,36520,6.82
1088.25,104,37300,7.29
1116.25,104,37140,7.52
1173,104,39600,8.17
1264.25,104,38720,8.92
1337.75,104,39790,8.97
1375.75,105,41330,8.78
1394.75,105,39890,9.24
1414.5,105,39510,9.57
1429,105,41160,9.71
1443.5,106,40770,9.55
1447.25,106,40340,9.86
1452.25,106,40890,9.7
1459.25,106,41330,9.66
1425.25,106,40770,10.6
1349.25,107,40580,11.1
1278.25,107,39940,10.46
1230.25,107,38200,9.13
1179,106,36850,8.3
1112.25,105,35960,7.34
1001,105,34300,6.37
897.25,104,35950,6.08
899.25,103,35910,6.12
896,103,35690,6.11
898.75,103,35830,6.09
979.5,102,35470,6.46
1082,103,38780,7.06
1215.75,103,39620,8.97
1376.5,104,42720,8.96
1451.75,104,41450,9.3
1500.25,105,43030,9.4
1537.5,105,41710,10.17
1561.25,106,42960,10.74
1575.25,107,42570,11.11
1586,108,43540,12.07
1593,108,43380,12.02
1600.5,109,43520,12.62
1610.5,109,43620,12.8
1632,109,42780,13.31
1656.25,110,42880,13.07
1685.25,110,43870,13.81
1705.25,111,43850,14.2
1739.5,111,44990,14.41
1779.75,111,43880,15.16
1772.75,112,44860,13.99
1811.75,112,46720,15.35
1873.5,113,47330,16.24
1906.5,114,46800,16.37
1896.75,114,46560,15.56
1897.75,114,46800,15.19
1896.75,114,46580,15.25
1902,113,46360,15.46
1907.75,113,48000,15.67
1911,113,47550,15.48
1958.5,114,49310,16.82
2003.25,115,50390,17.11
2039.25,116,51510,18.44
2068.75,117,51430,17.8
2085.75,117,52660,18.32
2110,118,52120,18.62
2168.25,118,56460,20.61
2215,121,57290,20.3
2253.5,121,57590,20.6
2281,123,57370,20.87
2300.25,123,58130,21.42
2310.25,124,58200,21.39
2316.25,125,58050,21.46
2325.75,125,58280,21.56
2296.75,125,53890,20.92
2231,123,51970,18.73
2173.75,121,52770,18.31
2193.25,119,51540,18.75
2128.5,119,49630,16.92
2073,117,49120,16.43
2082.75,116,49380,17.09
2078,116,49900,17.02
2080.75,116,49680,17
2084,116,49900,17.35
2076.75,116,50650,17.45
2075.75,116,47530,17.12
2017.25,116,48120,15.81
2026.5,115,47440,16.82
2031,115,46710,16.35
2030.25,115,47480,16.7
2023.25,115,48350,16.77
2024.25,115,47750,16.03
2018.75,115,45630,16.14
1967,115,47580,15.14
1975.25,114,46230,16
1980.75,114,46040,15.87
1965.5,114,45210,15.56
1923.75,114,46560,15.07
1930,113,45660,15.41
1902.75,113,43120,13.16
1826.25,112,43870,11.89
1780.25,110,43980,10.92
1735,109,43550,11.92
1700.25,109,43370,12.22
1661.75,109,43080,11.65
1629.75,109,42990,11.62
1602.5,109,42870,11.29
1575,108,42600,11.22
1552,108,42150,10.17
1514.5,108,41750,10.24
1474.25,107,41620,10.63
1424.5,107,41330,11.78
1491.75,108,42750,9.99
1597.75,108,41620,12.62
1591.25,109,40310,11.34
1502.5,108,39470,10
1240.5,107,36280,11.85
969.25,107,33860,6.42
841.75,105,32460,4.34
761.25,104,35490,5.2
759.5,103,33420,5.14
777.5,102,34210,5.18
774.25,102,33910,5.12
770.25,102,35430,5.22
775,102,33900,5.05
815,102,37650,5.85
908,102,35980,5.48
949.5,102,33500,5.85
995.25,102,33980,6.09
1048.25,102,37260,6.41
1125.25,102,39090,7.2
1279.75,102,40350,8.39
1396.25,103,40670,8.92
1453.5,104,41430,9.16
1494.25,104,41600,9.33
1516.5,105,42330,9.86
1538.5,106,41870,10.53
1552,107,41500,10.82
1558.75,107,41740,11.8
1565.5,108,42600,11.63
1563.25,108,41670,11.62
1573.25,108,41510,11.94
1573,109,42820,11.58
1580.5,109,41980,12.41
1586.75,109,41570,11.81
1591.5,109,42440,12.2
1593.5,109,42330,11.98
1594,109,42940,12.34
1601.25,109,43070,12.27
1605,109,42670,12.15
1607.5,109,41920,11.85
1615.5,109,41620,12.7
1622.75,109,42870,12.52
1633.5,109,41780,13.17
1651.5,110,42470,12.63
1698.25,110,44130,14.54
1744.5,111,43750,14.95
1778.25,112,44040,14.66
1772.5,112,43730,14.2
1769.75,112,44150,14.1
1809.25,112,45560,15.42
1830.75,112,45280,14.82
1827.5,113,45070,14.71
1862,112,45490,15.18
1848.5,113,45040,14.79
1879.25,113,46800,15.25
1912,113,47800,16.33
1939.5,114,48490,16.46
1960.5,115,47520,16.42
1981.5,115,48950,16.65
2005.5,115,48730,17.36
2034.5,116,50680,17.58
2056,116,51250,17.82
2075.75,117,51750,17.68
2086,117,52170,17.98
2113.75,118,55510,18.36
2177.75,118,56240,20.73
2226.5,121,57100,20.03
2264.25,122,57520,20.77
2270.25,123,55790,20.73
2268.25,122,55390,20.27
2269,122,54560,20.46
2202,122,49260,19.67
2043.25,119,48880,15.69
1965.5,116,47950,14.84
1903.5,114,46720,14.17
1861,112,46140,13.34
1806,111,44650,12.45
1740.5,110,43790,11.64
1668,109,42750,11.15
1576,108,42080,10.2
1470.75,107,40840,9.43
1311.75,107,39150,10.35
1415.25,107,43380,9.74
1487.25,107,41190,9.43
1460.5,106,40650,9.91
1404,106,39970,10.52
1318.75,107,38720,10.5
1190.75,107,37600,8.5
1034.5,106,35060,6.62
868,105,35710,6
926.75,104,36180,6.42
1045.25,103,36180,7.12
1216.75,103,42380,8.93
1448.25,104,43890,9.17
1571,105,42760,11.07
1659.5,107,44360,13.89
1744.5,109,45210,15.4
1807.25,112,45800,16.04
1854.25,113,45280,15.83
1827.5,113,46080,14.33
1899.5,113,47580,16.52
1911.5,114,46840,15.81
1914.25,114,47880,15.73
1962,114,49000,17.11
2003.5,115,48860,17.3
2044.75,116,50350,17.95
2066,117,51230,18.03
2112.75,118,55440,19.07
2186,119,55390,20.52
2228.75,121,53700,20.39
2220.5,121,54000,19.1
2214,121,54900,19.55
2272.5,121,56630,21.08
2273,123,56240,20.79
2331.75,123,61330,22.76
2334.75,126,59910,22.3
2357,127,62200,23.82
2398.5,128,61670,23.71
2420.25,130,61490,24.89
2431.75,131,60750,25.14
2425.75,132,60690,24.45
2426.25,132,59840,24.63
2380.75,131,55000,22.44
2288,127,52850,19.71
2234.25,124,53150,19.22
2244.25,122,52920,19.52
2239.75,122,52760,20.02
2213.25,121,50470,18.73
2133.5,119,49170,17.01
2138.25,118,48800,17.67
2067.75,117,46940,16.28
2013.25,116,48070,15.51
1981.75,115,44820,15.14
1887.5,113,45600,13.26
1847,112,45380,13.01
1818.5,111,45130,13.24
1793.75,111,44860,13.33
1750.25,111,44360,12.71
1726.25,110,44310,13
1695.25,110,43820,12.45
1651,110,42750,11.92
1597.75,109,42690,10.9
1551,108,42470,10.27
1512.75,108,42140,10.13
1474.75,107,42180,11.32
1429.25,107,41940,11.74
1494.5,108,43160,10.07
1592,108,41690,12.17
1544.75,109,41450,10.47
1368,107,38640,8.13
1089.25,106,36570,6.21
855.75,104,34120,5.5
773,103,35100,5
777,103,33420,5.22
768.5,102,34150,4.95
771.75,102,33130,5.29
772,102,33230,4.88
773.5,102,32890,5.32
780.5,102,32640,5.18
777,102,34080,5.27
781.25,102,35820,5.33
882.5,102,33440,5.85
898,102,33420,5.76
925,102,33420,6.53
981.5,102,33590,6.9
1078,103,34570,8.75
1252,103,40840,10.05
1442.25,105,40190,9.77
1524.25,106,40530,13
1572,108,42090,13.62
1614,111,41960,12.35
1670,110,43540,14.33
1720,111,43430,15.04
1757.5,112,42420,15.13
1752,113,42750,14.22
1749,112,43540,14.27
1790,112,43850,16.04
1818.5,114,44310,15.82
1869.25,114,45650,17.1
1872.5,115,45230,15.97
1904,115,46670,16.61
1907.5,115,45720,15.96
1940.25,115,47880,17.05
1983.25,117,49100,17.7
2029.25,117,50390,18.88
2059.25,119,50340,18.8
2076.5,119,51860,18.87
2098.75,120,52420,17.3
2115.5,118,51940,18.62
2175.75,119,55830,19.71
2225.5,121,54050,19.87
2217.25,121,54500,19.52
2217.25,121,56910,19.49
2261.75,121,56540,20.94
2269.5,123,55760,20.4
2268.5,123,55850,20.3
2282.5,123,54050,20.67
1885,121,43940,14.17
1683.5,114,41740,9.81
1579,109,39210,8.62
1367.75,106,36080,8.07
1169.5,106,34350,6.65
968.75,104,34060,6.01
842,103,34150,5.4
750.5,103,33930,5.32
781.5,102,34640,5.19
773.75,102,36180,5.16
774.5,102,36470,4.75
776.5,102,36370,5.1
774.5,102,35880,5.2
778,102,34960,5.25
779.25,102,33590,5.29
781,102,35390,5.35
779.75,102,32560,5.18
780,102,34540,5.29
780.75,102,33410,5.25
780,102,32900,5.31
780.75,102,35490,5.42
777.5,102,34050,5.51
778.25,102,32590,5.45
779.5,102,31590,5.44
781.75,102,31400,5.48
779,102,33720,5.56
783,102,34000,5.56
782,102,32350,5.52
776.5,102,31610,5.62
782.75,102,32350,5.62
779.25,102,31210,5.64
777.25,102,31880,5.43
783.25,102,33780,5.62
778.75,102,33350,5.5
781.25,102,32250,5.63
781.25,102,31580,5.52
782.5,102,33940,5.67
776.25,102,34920,5.5
781.75,102,33500,5.52
782.5,102,31880,5.65
780.5,102,33050,5.7
779.75,102,32010,5.39
781.25,102,31680,5.53
779.25,102,33720,5.59
784,102,34730,5.73
775.75,102,33030,5.47
780,102,31810,5.66
780.5,102,31440,5.5
777,102,33560,5.64
783.75,102,33860,5.71
781.5,102,34540,5.44
781,102,34330,5.53
780.5,102,32470,5.52
783,102,31420,5.64
779,102,31850,5.52
783.25,102,34060,5.65
777,102,33560,5.48
779.25,102,32220,5.69
782.25,102,33370,5.6
780.25,102,32030,5.46
780.25,102,31240,5.6
780.5,102,32740,5.62
778.25,102,34150,5.42
782.25,102,32950,5.7
779.5,102,31980,5.4
779,102,31880,5.65
781,102,34250,5.58
780.75,102,34570,5.52
782,102,32050,5.63
779.75,102,32570,5.57
779.5,102,31830,5.63
777.25,102,32890,5.72
780,102,31710,5.49
779,102,31440,5.57
780.75,102,33740,5.54
783.5,102,33660,5.52
779.25,102,32340,5.45
780.25,102,31220,5.5
783.75,102,32660,5.63
777.75,102,31340,5.5
781,102,32410,5.61
783,102,34030,5.78
777.5,102,33350,5.6
783.25,102,32030,5.67
779.25,102,31590,5.42
780,102,33560,5.64
780.25,102,34760,5.59
778,102,33390,5.57
780.25,102,34050,5.6
780,102,31450,5.42
781,102,32480,5.58
780,102,31670,5.55
779.5,102,33810,5.52
783.25,102,35000,5.57
778.5,102,33420,5.6
779.75,102,32050,5.36
779.25,102,31400,5.58
779,102,32350,5.55
782.75,102,34050,5.46
776.5,102,33500,5.59
780.5,102,32170,5.59
780.75,102,31560,5.57
781,102,32280,5.53
782.25,102,31400,5.7
780,102,32710,5.54
780.25,102,34200,5.63
779.75,102,33130,5.56
775.5,102,32070,5.55
782.25,102,31680,5.67
780.25,102,33840,5.62
780.75,102,35000,5.47
782.75,102,33110,5.68
779.5,102,34110,5.56
779.25,102,32950,5.68
783,102,33840,5.63
779.25,102,32660,5.59
778.25,102,34840,5.46
781.5,102,31810,5.47
778.75,102,34300,5.64
779,102,33510,5.57
779.5,102,32220,5.62
780.25,102,31550,5.56
780,102,32680,5.88
776.5,102,33660,5.74
779,102,33620,5.95
783,102,31830,5.75
780,102,30880,5.88
777.5,102,31790,5.87
780.25,102,30830,5.93
779,102,31220,5.83
782.25,102,33420,5.95
780,102,33200,6.02
781.5,102,31550,5.9
779,102,30630,6
780,102,30950,5.89
781.25,102,33300,5.95
780,102,32420,6.04
778.5,102,31320,5.9
781.5,102,32740,5.8
780.5,102,31180,6
781.75,102,30580,5.79
781.5,102,31840,5.87
782.5,102,32810,5.95
782.5,102,31350,5.79
777.75,102,30600,5.85
781.5,102,32050,5.72
780.25,102,33840,5.87
779.5,102,32810,5.94
780.25,102,31300,5.88
779.5,102,30580,5.95
783.25,102,31570,5.93
781.75,102,32970,5.7
777,102,31830,5.99
780.75,102,33390,5.8
778.5,102,31710,5.96
781.25,102,33420,5.74
783,102,30910,5.77
783.25,102,31340,5.75
780.5,102,31410,5.94
782.5,102,32810,6.01
784.25,102,30390,5.88
779,102,32310,5.82
778.25,102,31560,5.99
780.25,102,30360,5.94
779.75,102,31650,5.87
780.75,102,33050,5.77
779,102,32030,5.9
781.5,102,31000,5.78
780,102,30880,5.95
780.5,102,33440,5.73
778.5,102,33420,5.8
780.5,102,31880,5.94
781,102,30790,5.87
779.75,102,30830,5.78
782,102,32930,5.99
781,102,32660,6.12
781.75,102,31420,5.93
781.5,102,30600,5.66
779,102,32640,6.04
776.25,102,33760,5.96
779.25,102,32560,5.84
779,102,31000,5.84
786.75,102,32980,5.63
783.5,102,31580,5.73
779.75,102,33570,5.7
782.5,102,34760,5.55
779.75,102,33540,5.62
781.25,102,34050,5.57
781.5,102,32930,5.46
780,102,31810,5.41
779.5,102,32370,5.67
779.75,102,34450,5.52
781.25,102,34000,5.61
780,102,32370,5.64
781.5,102,31460,5.44
780.25,102,32260,5.41
777,102,34250,5.62
781.5,102,33440,5.61
778,102,32290,5.61
779.75,102,31760,5.6
780,102,34080,5.83
779.75,102,34700,5.63
782,102,33320,5.67
780.25,102,32010,5.52
778.75,102,32890,5.62
783,102,31810,5.54
778.5,102,32200,5.62
776.75,102,34740,5.51
779.75,102,34200,5.53
779,102,33720,5.62
779.5,102,32460,5.49
780.75,102,31580,5.6
781.75,102,33700,5.55
778.25,102,34960,5.65
782.25,102,32740,5.36
778.75,102,34120,5.46
781.75,102,33110,5.73
781.5,102,31850,5.6
780.25,102,32280,5.6
782.25,102,34420,5.53
781.25,102,34390,5.55
779.25,102,32500,5.67
782,102,31060,5.4
781.75,102,32050,5.62
779.75,102,33590,5.58
781.25,102,33740,5.68
781.25,102,32250,5.48
779.25,102,31640,5.58
783.75,102,33720,5.42
780.75,102,35130,5.44
783,102,33840,5.45
781.75,102,32450,5.45
781,102,33510,5.29
780.75,102,35300,5.39
780.75,102,33910,5.22
781.5,102,32680,5.33
779.5,102,33350,5.3
780,102,35590,5.36
778.75,102,32620,5.36
781.75,102,34860,5.47
780.5,102,34520,5.41
782.75,102,33290,5.07
780.25,102,32480,5.18
783.5,102,34910,5.23
780.5,102,35960,5.19
780.25,102,34120,5.25
781.75,102,32830,5.32
779.25,102,34110,5.42
783.75,102,35790,5.49
778.25,102,33690,5.39
784.75,102,32590,5.48
779.5,102,33130,5.53
781,102,35130,5.27
778.25,102,34350,5.37
780.5,102,33030,5.17
778.5,102,34490,5.28
783.75,102,34660,5.27
780.5,102,32340,5.42
780.75,102,34050,5.28
781.25,102,34970,5.2
780.5,102,33480,5.23
783.5,102,32560,5.37
779.25,102,33420,5.29
780,102,35770,5.39
778,102,34740,5.47
781.75,102,33680,5.34
778.5,102,32130,5.45
780.25,102,33230,5.48
783.25,102,35060,5.37
780.25,102,33980,5.27
780,102,33170,5.27
780.25,102,33030,5.33
778.5,102,35000,5.29
782.25,102,32560,5.47
779,102,34080,5.32
777.25,102,34880,5.47
783.25,102,33690,5.45
781.5,102,32710,5.27
780.25,102,33620,5.36
780.5,102,35820,5.17
780.75,102,34720,5.38
779.25,102,33320,5.18
779,102,32640,5.21
776.25,102,32980,5.2
780.25,102,35000,5.35
782.5,102,34230,5.26
781.5,102,33030,5.23
777,102,32560,5.32
782.25,102,34660,5.24
780.75,102,35600,5.34
783.5,102,33480,5.23
780.25,102,34940,5.22
777,102,33480,5.2
781.75,102,32660,5.29
778,102,33840,5.21
778.75,102,35790,5.22
778,102,35390,5.24
779,102,33070,5.28
776.5,102,33780,5.29
778.75,102,34390,5.45
779.25,102,32890,5.4
779.25,102,35380,5.43
779.75,102,32780,5.39
779.75,102,35080,5.22
776,102,34860,5.45
781.75,102,33690,5.4
779.25,102,32220,5.44
782.5,102,31340,5.68
780.25,102,32590,5.52
782.25,102,34000,5.51
778.75,102,33630,5.69
780.75,102,34740,5.62
775.5,102,33370,5.59
782.5,102,34000,5.6
778.75,102,34390,5.51
782.25,102,34470,5.55
780,102,32800,5.57
780.25,102,31830,5.59
781.25,102,31670,5.64
779.75,102,34050,5.58
782,102,33470,5.52
776,102,32370,5.76
780.75,102,31580,5.51
779.25,102,33690,5.67
782.25,102,34860,5.66
783.5,102,33390,5.58
780.75,102,33880,5.5
779.5,102,32560,5.61
782.25,102,31680,5.6
780,102,32030,5.57
780,102,34660,5.6
776.5,102,33290,5.76
778.25,102,32150,5.63
780.75,102,31030,6.05
781,102,32030,5.76
780.75,102,31000,5.73
781.75,102,31120,5.88
780.5,102,33510,5.66
780.5,102,33390,5.92
781,102,31530,5.87
778.5,102,30690,6
780.75,102,30850,6
780.5,102,32900,5.81
783.25,102,32150,5.95
780.25,102,31400,6.02
782.25,102,30690,6.07
780,102,32630,5.84
783.75,102,33860,5.84
779.75,102,32150,5.81
784,102,33350,5.86
783.75,102,30460,6.22
776,102,30570,6.14
781.25,102,32340,6.09
780.25,102,29710,6.33
782,102,30520,6.41
778.25,102,31810,6.29
780.5,102,30420,6.13
780.5,102,29570,6.13
780.5,102,30760,6.34
779.5,102,32950,6.17
780.5,102,31730,6.16
779.5,102,30460,6.09
781.25,102,29380,6.26
780,102,30340,6.1
780.25,102,29660,6.03
783,102,32030,6.2
778,102,29710,6.11
781.75,102,31200,6.12
781.25,102,31880,6.15
782.5,102,30540,6.33
779,102,29510,6.22
909.25,102,31770,5.75
757.75,102,31950,6
1194.25,102,57560,17.13
1850.5,107,38960,22.57
1247.75,112,32520,12.07
755.75,108,36520,7.4
1127.5,105,37040,8.47
1369.75,105,40280,9.3
1509,106,41060,12.08
1588.25,108,43140,12.38
1689.5,109,44160,15.07
1791.25,111,44430,16.63
1851,113,45560,16.82
1898.75,114,47030,15.13
1898,114,47020,15.31
1897,113,47530,15.15
1908,113,47050,15.63
1911.25,113,47170,15.75
1909.75,113,46780,15.22
1916,113,47580,15.67
1968.75,113,48650,16.88
1981.75,115,49340,16.25
2021.75,115,49440,17.88
2034,116,49770,17.12
2043.5,116,50460,17.38
2051.75,116,50540,17.29
2053.75,116,50510,17.43
2060,116,49950,17.35
2055.25,116,49850,17.2
2054.75,116,49730,16.95
2054,116,50200,17.22
2055.25,116,50200,17.15
2070,116,50940,17.74
2082,117,50680,17.46
2096.5,117,51820,17.97
2122.25,118,52520,18.48
2172.25,118,54680,20.13
2219.75,120,54250,20.22
2205,120,54470,19.08
2204,120,52830,19.25
2212.25,120,54480,19.56
2212.75,120,54170,19.42
2212.75,120,53580,19.26
2216.75,120,53380,20.02
2216.25,120,53190,19.6
2261.75,120,57200,21.06
2297.25,122,57650,21.36
2303,124,57090,21.07
2303,124,57950,21.09
2324,124,58170,22.9
2328.25,125,58370,22.07
2332.75,125,58440,22.1
2335.25,126,58620,22.29
2336,125,58690,22.25
2339,126,59650,22.19
2367,126,61210,23.54
2393.25,128,61790,23.91
2407.5,129,61820,24.02
2413.25,130,62070,24.51
2423,130,61850,24.14
2395.25,131,58520,24.49
2336.75,129,55220,21.84
2270.5,126,55180,20.85
2276.25,124,55430,22.02
2275.75,125,55470,21.48
2273,125,55570,21.82
2268,126,55540,23.24
2278,127,55360,22.29
2205.25,127,49830,20.55
2127.75,123,50100,19.36
2138.25,121,49680,20.37
2137,122,50480,20.05
2131,122,50200,21.58
2142,123,49660,21.24
2142,124,49730,21.41
2136.25,124,49380,21.45
2137.5,124,49550,21.07
2118.25,124,45100,20.99
2017,123,43920,19.55
1966.25,121,43460,18.52
1978,120,43300,20.22
1974.25,120,44220,19.25
1974,120,44460,19.84
1973,120,44120,20
1974.75,120,44040,19.73
1979.5,120,45140,19.89
1954,120,41780,20.42
1923.25,121,43180,19.37
1930.75,120,42410,20
1932,121,42180,19.09
1872.5,120,39970,18.02
1809,116,38660,16.96
1794,115,39910,18.19
1794.75,115,39910,18.17
1795.25,116,39940,18.02
1781.75,117,38270,18.93
1727.75,117,38320,17
1729.5,116,38370,18.15
1728.25,117,38420,17.54
1729.75,117,37960,17.79
1684,116,37010,16.87
1650.75,116,37450,16.07
1626.25,115,37130,16.39
1600,114,36990,15.74
1582,114,36910,15.71
1560.75,113,36860,15.31
1540.25,113,36670,14.9
1523.25,112,36400,14.16
1518.75,112,37740,13.1
1520.5,111,37590,14.33
1524,111,37740,13.99
1524,111,37540,14.55
1528,111,37620,14.2
1521.5,112,37360,14.07
1522.5,111,37840,14.4
1523,111,37720,14.65
1492.75,111,36790,13.87
1440.75,111,35360,14.25
1323.75,111,34570,12.33
1255,110,35860,10.85
1227.25,109,35420,10.36
1248,108,35740,10.86
1244.5,107,35220,10.41
1190.5,107,34080,9.45
1071,107,31980,8.1
899,106,30240,6.56
867.5,105,31960,6.8
897,104,29810,7.22
919,104,31940,7.66
956.5,104,32210,8.5
957.5,104,30830,8.27
972.25,104,28960,8.75
998.25,104,29410,8.32
1025,104,30270,8.83
1103,105,34640,10.17
1322.75,105,38720,13.28
1467.75,108,38380,12.27
1543.75,108,39220,15.33
1551.75,110,38990,14.35
1532.75,111,38120,13.8
1501.75,111,38320,12.82
1466,110,36740,13.73
1419.25,111,39940,11.56
1418.75,110,36810,11.31
1326.25,109,35700,12.69
1253.75,109,36770,10.54
1206.5,108,34720,9.6
1143.5,107,33320,8.37
1049,106,33980,7.68
937.25,105,31440,6.71
940.75,104,33760,7.12
993.75,104,31010,7.82
1023.75,104,32800,8.3
1082,104,32890,9.36
1168.75,105,36460,11.04
1326.75,106,37790,11.75
1446.5,107,40310,10.06
1521.25,108,40160,13.01
1563.25,109,40580,14.42
1598.5,111,39860,14.86
1642.75,112,41470,15.44
1679,113,40430,16.18
1717.5,114,41690,16.48
1746,114,41780,15.93
1751.5,114,42700,14.9
1772.5,113,41160,16.09
1744,113,41160,14.65
1716,113,41720,13.88
1756.5,112,42780,16.1
1822,113,44120,17.39
1876,115,45340,18.23
1938,117,47160,18.92
1996.5,118,49120,17.21
2040.5,118,50200,19.08
2073.5,119,52250,18.6
2114,119,55540,19.99
2174.75,121,55880,21
2227.25,122,56910,21.38
2271.25,124,60170,21.3
2327,125,61670,23.38
2374.75,126,62290,23.55
2424.5,129,64390,25.97
2468.75,132,66500,26.29
2573.75,133,69790,30.5
2586.75,135,66920,28.42
2586.25,134,66330,29.88
2589.5,134,64810,29.71
2574.75,134,65100,29.45
2559.5,133,64360,27.87
2541,132,62890,27.37
2505,132,60960,24.73
2424.75,131,58780,22.54
2373.5,129,56420,22.46
2360.75,128,59110,22.65
2363.75,127,57250,23.05
2317.25,127,56880,21.01
2309.75,125,54170,21.49
2271.5,124,55830,19.85
2274.75,123,53930,20.57
2232,122,54530,18.67
2205.5,121,51240,18.41
2183.75,120,52980,18.96
2189.5,119,52980,18.95
2139.5,119,50090,17.74
2135.5,118,51480,17.85
2086.25,117,49000,16.88
2033,116,47550,16.12
1968.25,115,46570,16.15
1978.75,115,46080,16.18
1974.5,115,45170,16.77
1922.25,115,45840,15.57
1885,114,45280,14.92
1902.25,113,44740,16.1
1897.5,114,44950,15.57
1897,114,43630,15.89
1809.25,113,43540,11.69
1767,111,42530,12.23
1674,110,41380,12.77
1593.25,110,40920,11.32
1525.5,109,40340,11.17
1459.5,108,39940,11.25
1382.75,109,39620,12.76
1365.75,109,40550,10.68
1503,109,41040,10.58
1574.25,109,41300,14.18
1638,110,41670,15.24
1705.5,112,42180,15.87
1777.5,113,42660,16.98
1768.25,115,41190,17.54
1799.75,116,43120,17.37
1830.5,116,41630,17.68
1877.25,117,44400,19.06
1917.75,118,43510,18.72
1966.75,119,46120,19.39
2012.25,120,43900,19.64
1971.5,120,44600,18.45
1916,118,42800,17.14
1888.5,117,44060,16.66
1882.5,117,41560,17.1
1813.75,116,40030,17.1
1798,116,40450,16.95
1797.25,116,40290,17.31
1745.75,116,39030,16.05
1743.25,115,39840,16.47
1743.25,115,39520,16.37
1711.25,115,38620,15.71
1675.75,114,38930,14.93
1622.5,113,38110,13.96
1594.75,112,38670,13.7
1573.25,111,37770,13.47
1518.5,111,37380,12.3
1448.75,110,36490,13.86
1353.25,110,35790,13.65
1284.25,110,35420,11.76
1247.75,109,35150,11.17
1215.75,108,34740,10.34
1175.75,107,34230,9.32
1113.5,107,32690,9.21
1004.5,106,32340,7.87
891.5,105,29470,7.48
914.75,104,29910,8.03
924,104,30570,8.05
998.75,104,29510,9.05
1078.75,104,31520,9.62
1213.25,105,36360,12.14
1382.25,107,38030,12.31
1472.5,108,38300,13.05
1507.25,109,39360,13.05
1524,110,37890,13.88
1487.5,110,37040,13.03
1425.25,110,36680,14.35
1354.5,110,37050,13.33
1314,110,35570,12.34
1291,109,35610,11.64
1284,109,36580,10.83
1284.5,108,35880,11.32
1289,108,36280,10.2
1305,107,36400,10.62
1270,107,36830,10.55
1234.75,107,36160,9.88
1205.25,107,34600,9.2
1158,106,35490,8.96
1097,106,33480,8.17
980,105,30930,6.99
896.75,104,31240,7.07
897.25,104,30340,7.42
897.25,104,30120,7.12
897,104,29810,7.08
903.75,103,29840,7.62
928,104,32780,7.67
1034.5,104,33350,8.85
1132.75,104,34580,9.84
1312.5,105,38400,12.03
1440.75,107,39420,11.61
1502.75,108,38820,13.34
1540,109,38810,14.44
1573,111,39670,13.04
1640,111,41310,15.33
1710,112,41410,16.99
1762.25,114,41560,17.55
1804.25,115,42530,17.95
1836.75,116,42690,17.95
1847.5,116,43910,15.45
1879.5,115,44890,17.47
1881.5,116,44980,16.39
1922.25,116,46570,18.42
1965.25,117,48060,18.78
2000,118,48100,19.42
2030.75,119,49710,19.29
2071,120,51080,18.45
2118.75,119,54530,20.25
2176.75,121,54770,20.77
2230.5,122,54420,21.26
2216.5,123,53390,20.32
2254.5,123,57200,21.87
2289.75,125,58980,20.65
2325.5,125,60130,21.97
2358.25,126,60840,23.27
2390.5,127,61000,23.74
2387,129,58430,23.13
2230.25,126,52390,20.19
2159.75,122,49920,18.16
2157.5,120,50120,18.65
2120,119,49400,17.47
2069.5,117,49830,16.48
2081.75,116,49950,17.23
2081.25,116,49410,17.5
2080.75,116,49680,17.27
2057.25,116,47210,17.35
2016,116,48160,15.7
1989,115,45860,15.51
1981.25,114,47780,14.91
1978.75,114,46450,15.85
1922.5,114,46440,14.83
1932,113,46440,15.61
1919.75,113,45460,14.62
1899.5,113,45960,14.45
1895.5,112,45580,14.99
1823.25,112,45260,13
1795.25,111,45100,12.69
1749.25,110,44460,12.25
1713.25,110,44260,11.89
1682,109,44150,12.06
1648.75,109,43990,11.34
1623.25,109,43820,11.35
1605,109,43820,11.89
1589.25,109,43670,11.48
1556,108,43160,10.55
1522.5,108,42990,10.22
1495,108,42760,10.34
1465,107,42350,10.78
1438,107,42410,11.92
1467.5,108,43600,10.29
1591.75,108,43510,12.48
1618,109,42470,12.89
1620.75,109,41530,12.37
1585.25,109,41250,10.97
1473.75,108,37660,9.48
1303.5,107,36540,10.34
1163,107,36650,8.29
1040,106,33910,7.1
897,105,33350,6.49
741.25,104,33170,5.72
774.5,103,35000,5.35
